# x,y,z
-4.732867594750163676e+01,5.795003177389500548e-01,-5.061882394132110363e+01
-4.486224869251426384e+01,-1.716961076936496511e+01,-3.716161376045593556e+01
-3.505341396946252530e+01,-4.420843935220528209e+01,-2.596611206334483413e+01
3.323470655053024192e+00,-2.811126405404919026e+01,3.005446442955859254e+01
-1.728342519671888766e+01,1.052559780022114211e+01,-5.094023447004309446e+01
2.690093633874314349e+01,-1.062355129787685648e+01,3.464035017958866547e+01
-4.683478610231647110e+01,-2.448943037599063999e+01,-3.494657781730681023e+01
-1.811534441740169044e+01,-4.681011312208801201e+01,-2.312240032810271373e+01
-9.456225118222269188e+00,1.513857770715122086e+01,-5.536711672703243892e+01
-3.801392785468816093e+00,-3.257383744503618317e+01,2.771506948333690090e+01
-4.121225218866580775e+01,-7.055053961232242443e+01,-1.109829926358854202e+01
-2.003248628692414357e+01,1.708858202820470851e+01,-5.744412510775683955e+01
3.837089840892367221e+01,2.615495291495534147e+01,-2.047921454496757576e+01
-2.155202189315902128e+00,-3.166355593689974768e+00,5.608941385212614250e+01
-4.358081354917913330e+01,-7.675187986604753432e-01,-4.610642959738733992e+01
-5.138885872676416389e-01,-4.642411562844858963e+01,-2.519110099902659883e+01
-1.839057376018215351e+01,-3.710753489713546571e+01,-2.586438008982893777e+01
4.486878601544754019e+01,1.598339997358167786e+00,-4.609567805472275381e+01
-3.598285554091322069e+01,1.948488183858247780e+01,-6.418436583487124381e+01
2.640363830812383128e+01,-1.121491282213024832e+01,3.859757864989931875e+01
-5.334222851696718237e+01,-4.043948823270974202e+01,1.151210506921515453e+01
-5.153344700484651497e+01,-2.249768431944022140e+01,-3.806340108729703786e+01
3.152424435891317955e+01,2.536831273123605257e+01,-8.382871801492494512e+01
5.118305700704676298e+01,-4.120189919385564004e+00,-3.750698235365194222e+01
-5.214646623534091674e+01,6.233813891454485834e+00,-2.225445092445839279e+01
2.363787371420355043e+01,-1.296149715759370125e+01,-5.238017888125941823e+01
2.463012562338262867e+01,-4.070038883918523709e+01,-1.741633162831736215e+01
3.000871191131841087e+00,-3.995916301481431532e+01,-2.983293633962190228e+01
2.586097654176251481e+01,2.305328582774214397e+01,-7.483394704056735236e+01
4.909777527614883752e+01,1.162182801626966722e+01,6.072331349246860910e+00
-1.888768523392747056e+01,-8.057950546689924920e+01,-7.317125482908607204e+00
-3.826158832443184821e+01,3.756608968605500110e+01,1.368535597109549329e+01
2.901190594017144875e+01,-1.684008275282717548e+01,3.686040324348436314e+01
2.792643171851720396e+01,-1.347970024237094755e+01,2.200848520596731817e+01
4.341985297002121058e+01,2.168814951376771560e+01,2.355602493425516997e+01
3.624597712539964078e+01,1.794479154105243879e+01,-7.956176814913338546e+01
-4.674405352186155937e+00,-2.459731982534126971e+01,3.561845898883261441e+01
-2.361592057403089839e+01,-8.425602697634717231e+01,-2.731690266553782820e+01
-1.715845239746864692e+01,4.021573359310247753e+01,-8.458949593544774359e+01
1.868287698854249967e+01,3.679109002239260207e+01,8.472127677427211268e+01
-3.186864360734639234e+01,2.173074755443485984e+01,6.223639727478321504e+01
2.821738479707025249e+01,-3.347342135508125871e+00,4.386282617293385044e+01
6.532449779323594719e+00,-7.357354621404100570e+00,3.052647795095022687e+01
-4.761837312732067318e+01,2.283922763930928213e+01,5.905187541878184021e+01
1.817570160932457668e+01,-1.192923510385985253e+01,-4.929297324418763537e+01
-4.225423162041988689e+01,1.004294112889080637e+01,-5.822016801718950774e+01
1.438879992182313217e+01,-6.144202499667997586e+01,-2.837590989604641933e+01
-5.814008819158533470e+01,-1.360353773107909880e+01,-3.811002995145037886e+01
-4.435437927396898772e+01,-6.506028907538440365e+01,-2.183390660430139718e+01
-1.318068385887674054e+01,2.589070447711928846e+00,5.722942036083202311e+01
-2.744319076087652221e+01,2.376306439768236345e+01,-6.471445046237501231e+01
1.668933777366309101e+01,1.505891015589494053e+01,7.537621796020492582e+01
-7.692738907875066978e+00,5.882676867911072094e+01,8.482813264416840582e+01
1.657844585144895078e+01,1.630090657538288212e+01,-6.267194524597800154e+01
-4.424106376443533151e+01,1.915324972655090363e+01,-6.851084262394044799e+01
-5.460731009243636436e+01,-9.412469849322576465e+00,-1.983199189050274569e+01
-1.733431772151759587e+00,-2.838679774498344344e+01,-3.299658244558858655e+01
2.120472036700443752e+01,-5.546434302411096695e+01,-2.632480127243752577e+01
-2.852248950076389633e+01,4.665722704271561128e+01,-6.548277013453514428e+01
-1.757867791589569961e+01,-7.941381629944031317e+01,-1.696957991522982212e+01
3.078211013768024529e+00,6.659938297018773312e+01,3.449597099666619471e+01
-4.548998166989554193e+01,-5.238839568726992724e+01,2.491645647983088807e+01
3.962193045361228627e+01,3.121065072341436064e+01,2.030391600356440307e+01
1.638470750994117608e+01,-4.210623201402146520e+00,-5.194470286924008917e+01
3.778069940036810692e+01,-2.070110932187378694e+01,-5.582913887075490322e+01
2.527114778773162485e+01,-1.347453828074874771e+01,1.253747228873162989e+01
1.103462609853975351e+01,3.983234640452486275e+01,8.207689352268948824e+01
1.891280464130478123e+01,5.562411365466508784e+01,-2.854185326001580236e+01
3.120776792119429288e+01,-3.249087719023602716e+01,-2.389754078718338448e+01
3.549645163576532525e+01,2.995071714979506083e+01,-4.490719144607548685e+01
-3.091176177658228053e+00,3.070595406143815431e+00,6.032143932572554235e+01
2.984210563787901194e+01,-3.466274911006580339e+01,-1.246430064482736810e+01
1.795834157181901247e+01,1.542898953736644985e-01,3.128609403686700219e+01
-2.555959143585596394e+01,-8.032272012016819929e+01,-5.444223486198052520e+00
3.966266377262003573e+01,1.990499813063489043e+01,-1.750601897596781598e+01
-1.139995981274641679e+01,7.004850451840974657e+00,-4.817143834459805163e+01
-2.948955407981083354e+01,-3.531294767086895092e+01,-2.768232675690190803e+01
2.156600638198921160e+01,-5.135125670554498356e+01,2.253824385617738901e+00
3.751973062711914508e+01,3.088236715346533856e+01,-1.630205181969300554e+01
2.553880020537989282e+01,3.244341617121309440e+01,-8.331544694423875796e+01
5.129581622239555827e+01,7.508458710224896748e+00,1.130065828653690208e+00
-1.886163883946835185e+01,-8.382392855147413968e+01,-2.711529986441324880e+01
-1.672744710842802718e+01,4.393502082062205716e+01,-9.240375292140882379e+01
2.346820445409009182e+01,-1.971966999006776078e+01,4.248696910563309359e+01
-5.128748381537424450e+01,-4.752050466513137650e+01,3.579803232143519143e+00
-1.810211895531842430e+01,-2.807311330093637736e+01,-3.055162997516978152e+01
3.173959661719735337e+01,1.882007865021097714e+01,-7.720507548988767610e+01
-4.776298545214684310e+01,-5.835599455845074601e+01,-2.080477032262063020e+01
-5.035701927682777779e+01,9.781257590644541366e+00,-1.513012972004820078e+01
-9.497740143403687441e+00,-8.320664811819968421e+00,5.058922388309259333e+01
-5.457736590694984358e+01,-3.662847455260484963e+01,1.785553381411611440e+01
-3.589115194555248678e+01,6.888600743314255759e+00,5.658376935783019945e+01
1.056522982074320716e+01,-6.459884890188900997e+00,-4.740179177614424333e+01
-5.833226262162495956e+00,-5.331799322902956817e+01,-2.314823271539565042e+01
4.385635533951656129e+01,2.448519210244790401e+01,3.458096445049758216e+01
-4.270428806308813563e+01,-4.840040068949014795e+01,-2.642647803688119978e+01
9.966945087051593433e+00,-6.565304573123759724e+01,-4.398722818082294594e+00
2.139627075920314780e+01,4.812142571592048057e+01,9.327446998048594651e+01
2.642830212356222219e+01,-4.878327691085588214e+01,-6.047723622154580703e+00
-5.845014122084008079e+01,1.131681909368199257e+01,-6.297898139542724039e+01
-2.406671565515089384e+01,9.264780239529384787e+00,-5.025789883952977988e+01
-4.996412066411085817e+01,-5.198028827515830841e+01,1.400934457202096262e+01
3.078890909078806715e+01,-2.667788188018177564e+01,3.100323146735039614e+01
2.329551030178319238e+01,1.164672467625383456e+00,4.514570134640035803e+01
-5.431691603721282036e+01,6.916890350166934320e-01,-5.885338139356174025e+01
-5.929619013825401197e+01,-1.620400348642834487e+01,-4.830221338047088864e+01
-3.351178859247589070e+00,-3.540822079004565381e+01,-2.989782578541385760e+01
4.556447368223921757e+01,1.561025679069240368e+01,9.126427175843937789e+01
2.966980853704776777e+01,5.392634737794728572e+00,4.552180580228605322e+01
1.198905906104012153e+01,-4.869685706901107380e+01,-2.738805964579301744e+01
2.319422241489023762e+01,-5.226106948948990549e+01,-2.432556501381598224e+01
-7.778549683359397449e+00,5.176654093082203900e+01,8.150696217907949404e+01
5.607173737652184542e+01,-8.502633912446478703e+00,-2.627919107267221577e+01
3.578636606837776668e+01,4.978423396873704121e+01,7.697327130701052056e+01
3.734665954525306830e+01,-8.608851335486310319e+00,4.073645038166083054e+01
3.015153777482577979e+01,4.019645274458725481e+01,-5.676837017414487008e+01
-5.694768518402192115e+01,-1.988860565222958954e+01,3.875604304206365214e+01
2.209361769618658755e+01,7.379512004565905059e+00,7.528455563251515059e+01
-2.327771912363400020e+01,-1.689893598153629739e+01,-3.477402561908765932e+01
-5.262361325100284404e+01,-4.296713043934652632e+01,2.407278888200802669e+01
3.475308619976767766e+00,-1.885194903413400880e+01,4.045438435756634021e+01
-1.878288767541630711e-01,6.373634782146101685e+01,8.319403222253842500e+01
-5.270953480067539942e+01,2.117194892212390656e+01,-7.778023565490968849e+01
-5.066059316949917957e+01,-2.556014654517125706e+01,-3.538336301038837917e+01
-3.013512276151343272e+01,-2.361479672956784270e+01,-3.267831966739431238e+01
-2.523952039986528106e+01,5.183342153757329385e+01,1.224454919182922819e+00
-1.190159908170339698e+01,-4.932732643537600836e+01,-2.295663305004167754e+01
-1.165757365366234488e+01,-7.879254679880057211e+01,-7.113192022412201609e+00
4.752804325592516932e+01,2.238567202889112195e+01,4.743693751971116512e+01
-5.339792582443774904e+01,-5.604036138600235084e+00,-2.293721975146037195e+01
-2.339922086481138663e+01,5.020888894287668336e+01,-5.823924881139028287e+01
1.752507292740110501e+01,-5.845099880048746854e+01,-6.928918348673044347e-01
5.655615920367174709e+01,-2.713540552268100825e+01,-5.758606952330335105e+01
-8.840160898475492246e+00,6.414859165188367740e+01,4.441941225762045065e+01
2.446313302566423076e+01,-2.121878495795062491e+01,-4.737985105793114116e+01
5.289403454522857650e+00,6.590894060350073858e+01,1.021764791822063856e+01
1.502189519613239099e+01,-8.115875582882553374e+01,-2.162964988886737316e+01
6.643143985233260551e+00,3.396433104287734750e+01,7.697402702154100496e+01
-5.630646815258258187e+01,-2.723244141831139231e+01,3.410809712716504549e+01
-1.689617375193830284e+01,2.384165871289548022e+01,-6.303004076133642286e+01
-1.321456571853709505e+01,-2.142643373675368323e+01,4.010175399673761376e+01
-1.092056738650408576e+01,4.371271950706989884e+01,-9.145888002882881551e+01
3.794860202913348246e+01,3.467233263938999954e+01,9.563866115573657112e+01
2.010048878735810263e+01,-1.810908598789773505e+00,-5.553427037022038348e+01
9.019774949572070710e+00,2.841547393388502840e+01,7.589169895821270018e+01
-3.539541310742693980e+01,-5.186767568252506067e+01,2.498063532082814575e+01
-2.742492480901453078e+01,4.211043154932671939e+01,-8.708461465626986353e+01
-4.315869305434800651e+01,-4.159147808318646611e+01,-2.879420828928213894e+01
4.461562850745321107e+00,-5.470013791513969892e+01,-2.599282327760806055e+01
2.913537332381083189e+01,1.348485167914127558e+01,-7.119989076885825341e+01
2.229377846564030463e+01,6.423176110842270248e+01,3.327350759046046136e+01
-4.935933070347278573e+01,-4.841609881159403983e+01,-2.668131948336296233e+01
2.732712701349433360e+01,-6.892551538695209956e+01,-2.722833125297711376e+01
-1.230424693100937894e+01,-8.076560844898457958e+01,-2.550280830417956324e+01
3.901627095007826540e+01,2.239900505201110903e+01,9.040452898361085943e+01
3.167765897676999032e+01,3.983092399873997635e+01,-4.182142366390958443e+01
3.211675751484942332e+00,-3.277550597426250789e+01,-3.274320527454620589e+01
-1.189224772808754160e+00,8.803260719204020646e+00,6.410760846605943186e+01
1.668250267661779773e+01,4.346342554218602316e+01,8.740605018957131733e+01
1.379734802404758431e+00,4.394874672186937659e+01,-8.766525079091638872e+01
-2.451326117120242642e+01,5.470355395950024757e+01,-7.908011299533018068e+00
2.449669236372849213e+01,-6.064952028207228452e+00,-5.642149463678908461e+01
6.289756099905599029e+00,-2.783905154883179467e+00,5.899503467880527552e+01
-3.515322629441768498e+01,2.638250304036285243e+01,-7.035193433374250560e+01
-4.370072852206860148e+01,2.757157944239808600e+01,6.009648501564806899e+00
-1.079925760895368647e+01,-5.830479727433709236e+00,-4.005472141168625910e+01
2.531310279347327352e+01,-4.962201688312035941e+01,-1.958044947381145207e+01
1.775332397589863476e+01,1.043454468153579917e+01,-6.023304390057179347e+01
-1.921543206708579277e+01,1.353674703943340774e+01,6.102143776222914084e+01
-5.836840471110735251e+01,7.969626958591597976e+00,-5.761497526953624515e+01
3.887548002815879045e+01,3.505621678317953638e+01,1.275101436735925375e+01
1.184415603111640536e+01,5.964803560382934222e+01,-2.415607542783365247e+01
2.819128877322159710e+01,-7.188787545286452918e+00,3.564430217605528384e+01
-5.970717051737624814e+01,-1.472609479796616050e+00,-5.787808237217723217e+01
5.453274696799907417e+01,4.662471869438785665e-01,-7.709384048549689616e+00
4.399194321860542800e+01,1.958986140709470902e+01,1.667758352204879202e+01
3.901262532077050338e+01,3.753939424336450514e+01,2.631999406039080114e+01
-4.716546422591704868e+01,2.723007645269727561e+01,4.390728458069182949e+01
-8.711967971348281381e+00,-9.151272381396161393e+01,-3.128208799108410432e+01
1.566558416489151639e+01,3.764974472366671421e+01,-8.632931885836983099e+01
-1.935880511920664793e+00,6.615790470186117034e+01,5.253587713990650343e+01
-1.227830649427117837e+00,-5.615981177112442424e+01,6.304849889664552620e+00
-5.372664319589660664e+01,-3.068306232484905749e+01,-3.458674571575978263e+01
1.520639028772454182e+01,7.823647931510251397e+00,7.155706237702182193e+01
5.630051352311614465e+01,-2.135626752566792774e+01,-9.901569841866471933e+00
-3.624308265549469610e+01,-7.350835781069292807e+01,-2.383926366325711044e+01
-8.608100202058307504e-01,-4.914859596485847959e+01,1.196658506859271043e+01
3.084949335262101044e+01,6.780646898610802609e+00,5.384227243136425045e+01
-5.267923758879010165e+01,7.670800963585918453e+00,3.132332405144564191e+01
-4.743124713834020412e+01,2.624955604412212651e+01,-7.942908909203890744e+01
-2.085703803760615216e+01,5.394818013688640690e+01,-4.146786153740910663e+01
-3.330756273360467645e+01,4.386465854309606271e+01,-6.554201266501483758e+01
2.704020002255550992e+01,-1.275796073683831722e+01,2.890627938261435048e+01
-1.885553118132318673e+01,-8.252972571722150263e+00,5.012867966894354765e+01
5.001138332980549883e+00,-7.927107571903049710e+00,5.272650044272649694e+01
-2.915530253266929606e+01,4.860895350593689557e+01,-5.036964440165339063e+00
-5.165293300756538741e+01,2.420058726864962040e+01,-5.221243932154236234e+01
1.901177800838706844e+01,-7.948043000501847644e-02,5.170015206170280209e+01
-2.254547066425265456e+01,3.522915809589043334e+01,-7.646762770947124466e+01
2.108587510478824356e+01,-3.735869012957403612e+01,1.961879043984213311e+01
-3.437188845336618925e+01,3.168992596875760270e+01,6.563951165366522389e+01
4.554907188864743262e+01,2.445567710522667682e+01,9.238347725198445914e+01
-1.902124246274394892e+01,5.106331886438687206e+01,-6.616209875527763984e+01
3.283128566135849979e+01,5.571476524355599480e+01,6.246909190449517979e+01
2.788383560367491398e+01,4.536734452458419042e+01,-5.074131399344431514e+01
4.642535043025700503e+01,2.017600882596218526e+01,9.291182371567605003e+01
-3.639618100909714826e+01,-6.678156890463074546e+01,-2.282942569872809102e+01
-3.662944754105901524e+01,-1.155750534983105027e+01,-3.744508179231898737e+01
-2.851137557989791915e+01,3.038759072287201946e+01,-7.237607971284238317e+01
1.527751698012741599e+01,5.238566483117185157e+01,9.235461685697421785e+01
2.035938089312866950e+01,-4.545344035172731623e+01,7.892189933557713033e+00
4.806851235959639723e+01,1.571078715212931520e+01,2.051871889439432195e+01
-3.739416861341119613e+01,-5.976800372602991729e+01,1.864728191366359411e+01
9.001518137315262180e+00,6.591639169577705104e+01,2.316215013150578983e+01
4.310441450307024525e+01,-2.961232424047811662e+01,-2.101989827489729734e+01
2.858638245980838732e+01,-3.129586648083100542e+01,-3.783094564503782209e+01
-3.411150917055408627e+01,-3.118898667207666975e+01,-3.007343209959476837e+01
1.437062104796529916e+01,-5.664594237456611836e+00,1.997243251002864284e+01
-9.850578234655820609e+00,-7.059016947104333894e+01,-1.264049219735176521e+01
3.646203749070072320e+01,5.017426633343334430e+01,6.688596230202801962e+01
-1.360165326430803212e+01,5.315786662613902536e+01,-6.124652991438537697e+01
3.767532085599521707e+01,2.944803933056062561e+01,-5.312144620787557336e+00
1.481795890671663685e+01,6.590214453872317790e+01,4.366158408552826842e+01
2.735688083499209711e+01,4.475489832906696819e+01,9.536247753060311538e+01
2.535647316834901588e+01,-3.265768200849063496e-01,-6.019387620153540297e+01
4.737085269103310026e+01,-8.069607614763942394e+00,5.308741311103680260e+01
1.811162610004255669e+01,2.197757615809345921e+00,1.736028221833970875e+01
-4.328028412490950494e+00,-2.175132009704451264e+01,-3.491296250573711291e+01
3.431557577987114627e+01,-1.668153588427882283e+01,1.713692136337162708e+01
7.732347249252153887e+00,8.345282093550260294e-01,2.545733906548210612e+01
-5.717909885765409683e+01,-1.923799385713493137e+01,-3.337325510491432112e+01
-5.258250214104733544e+01,-2.451264540161473882e+00,-1.713372852349974096e+01
-5.494128988715693396e+01,-2.566724440906875060e+01,4.079844633164810830e+01
4.584337050671093650e+00,5.921766612191677837e+01,-3.038387454452784908e+01
1.851313544376935383e+01,3.028223806271537200e+01,8.165740394215555398e+01
2.275952388655588976e+01,-4.375007680487500439e-01,7.028567636051276679e+01
-3.900128761560866764e+01,3.547917530683130138e+01,2.639943146611483105e+00
-1.905819825987734717e+01,5.945075377184083720e+01,4.532775259560422398e+01
9.760745715846917747e+00,3.523634537322924754e+00,-5.206459108196966667e+01
2.366284818970394355e+01,3.993749298938613634e+01,-7.668679144435714079e+01
-2.399803331490546299e+01,-7.475009395943112622e+01,-7.903307765907481575e-02
1.292511892651029193e+01,-9.005570309070238011e+01,-2.769336031105324381e+01
-2.538317494051101164e+01,2.645383687920894999e+01,6.489209771577094443e+01
3.272898979042795276e+01,6.866723608568597648e+00,-7.171467386326098392e+01
2.486870982783715789e+01,-1.339650781751046793e+01,1.631826324870310430e+01
4.570854093745639091e+01,8.852219742635909938e+00,8.884770232702075532e+01
-5.593050418638154042e+01,-2.150091204472287032e+01,2.192809809415070887e+01
-5.239003967531278505e+01,1.598390826083968541e+01,-7.069202891191568483e+01
-4.076581406916410089e+01,1.395194983943444988e+00,5.452857037872676926e+01
9.549794048114222278e+00,-1.240122839876639205e+01,-4.335314096673058515e+01
4.221189783642984850e+01,-1.579937776060977406e+01,-6.277196240641399783e+01
-1.322573617992291517e+01,4.617145709157973243e+01,-9.715293776633818368e+01
5.734964255464485205e+01,1.291834220563535851e+01,4.596824253936286908e+01
5.494499025742676679e+01,1.663839955372459656e+01,5.406472770381665072e+01
-1.213718712488896578e+01,4.656469972400499557e+01,7.736931697157584154e+01
-8.688658550698416860e+00,4.739067459425272233e+01,-8.561405136846153141e+01
-5.644575802861794500e+01,1.426946641014619566e+01,-7.288766360981126979e+01
2.906407540063024797e+01,5.082899945535066166e+01,-1.343618164352580990e+01
1.212952305766379979e+01,-1.857477598201138891e+00,4.038754688142099525e+01
-2.618637750148016963e+01,-5.520021669359812222e+01,1.937616576827356241e+01
1.968923680617317729e+01,6.327814270763507665e+01,2.085874273334343343e+01
5.971883214230008718e+01,-2.168515239292278451e+01,-5.165718382605123793e+01
1.128941725457411138e+01,4.793378750865286975e+01,8.715301433670528297e+01
-3.097012742473413383e+01,5.437854754160244219e+00,-4.828384095893229500e+01
1.572201107112763196e+01,-7.657952562256188855e+01,-1.325940220400450009e+01
1.300807367825487226e+00,6.918597535590108372e+00,8.158627374741088900e+00
5.039678154444840175e+01,1.317945051652351474e+01,9.250666268614087073e+01
-3.029091651003828489e-01,1.199887718853317020e+00,-4.614943470756148969e+01
3.290803457471671578e+01,3.273283279887790798e+01,9.195364612797337145e+01
5.404513907227105562e+01,-2.047377786365421315e+01,-6.245348923807001995e+01
4.764914225598771935e+01,2.718612977765108241e+00,-2.615702687682695071e+01
-9.331614455634715810e+00,-3.176725080431455694e+01,3.023801687342903577e+01
3.361627332783757538e+01,-2.159749484721761537e+00,6.205424099567138541e+01
3.304014642337264718e+01,4.861558229854878022e+01,9.135041269132564423e+01
2.347866763039709426e+01,1.864658324282897439e+01,-6.886084011509902325e+01
3.791868003151195410e+01,8.412660235342000803e+00,-7.836703056943890999e+01
-5.297714922786934011e+01,9.944297423392633561e+00,-3.093397068120589566e+01
-5.955383254438826768e+00,1.833684862455672615e+01,6.614343453312075383e+01
-5.953596418687806846e+01,-6.074185490717782798e+00,-4.450984795439125463e+01
1.164439113389319935e+01,-4.246770927155318276e+01,-3.118953705075963612e+01
2.614441347186430509e+00,-7.889551191278506792e+01,-1.230596363701243767e+01
-4.694040512286657219e+01,2.318836605873481105e+01,-2.612493338960431544e+01
-5.449364390672663916e+01,-4.193877995994144214e+01,-3.093828765619015542e+01
-3.501866639779880330e+01,-1.722147832058803729e+01,4.570274444542214098e+01
-1.402828266335585639e+01,5.550449321370163602e+01,8.169783533755506255e+01
-1.758006900776760162e+01,-9.259790394923518519e+00,-3.795428943307634029e+01
-3.732069304052737380e+01,3.921522749407709796e+01,2.774606383545349786e+01
-2.867885598450445883e+01,-8.391122251052297543e+01,-1.106197576548347250e+01
-1.090264788156101083e+01,6.413045094430596293e+01,5.500117963862511061e+01
-4.698208277576602754e+00,-1.638328501522735792e+01,4.300347059692963825e+01
-4.382553620249091608e+01,-6.653450885635571410e+01,-1.356412674695570786e+01
3.253415144784472801e+00,2.386724170503973497e+01,7.159045427924741034e+01
-4.603470949973088722e+01,-3.356835560739661162e+01,-3.169621209204147050e+01
6.588067215686870703e+00,4.291650538241057689e+01,-9.238761860700938655e+01
4.854708902161592476e+01,2.305438964709783178e+01,6.202815242608886592e+01
4.878222063331084968e+01,1.200189044100311575e+00,8.552257062639056073e+01
-3.766488717844178069e+01,3.966698548800160751e+01,6.356423131493850320e+01
5.215593251088643001e+01,1.629037033893501274e+01,3.713527044922874154e+01
-3.791018563722551971e+00,-8.287485799398592690e+01,-1.262534498472837718e+01
5.668303757570690493e+00,-4.500403519636714122e+01,-2.780320090026201640e+01
5.719881495811531380e+00,6.320917082266658582e+01,8.500184451589213097e+01
-5.066971137847192352e+01,1.126088246416183836e+01,-1.946632779929011292e+01
5.945644490048731967e+01,-2.346555151622726498e+01,-2.807547114414523293e+01
-1.566401993308877527e+00,3.811027114951666306e+01,-7.981056555507986161e+01
3.050197013452509509e+01,4.300081254851012602e+01,-2.534481819478258657e+01
3.922099984926025940e+01,1.533778848776982962e+01,-3.034964982388059340e+01
-2.351466563742582228e+00,-8.631859495071365984e+01,-2.907314658036608179e+01
2.939338951200684669e+00,-2.235254249480128053e+01,-3.619031624069404529e+01
-5.099073855346601647e+01,5.236280274400857415e+00,-1.387936979671767013e+01
2.599248395034628700e+01,-3.778260790880283082e+01,1.899564421593393249e+01
-4.847090363759078535e+00,-5.277881655632266522e+00,1.268728619760509879e+01
-2.017963332967030254e+01,5.772917997986136385e+01,-1.986255040385328380e-02
-4.132893323090420523e+01,3.263907658212582419e+01,2.190750704923084768e+01
-3.785540877711387697e+00,6.497906553648127215e+01,2.098670657222670499e+01
-1.007821047790297797e+01,-5.517685899833970353e+01,-2.233459894112792199e+01
-2.429891382531708288e+01,-6.069108983918827960e+01,1.380793491211431423e+01
-5.291766613736615454e+01,-2.366425272738998054e+00,5.237315036469174601e+01
4.547668204524740787e+01,-9.377901100270243262e+00,-6.801083347323390171e+01
-5.927519247796469415e+01,-2.184012708217823828e+01,-4.391144597092996804e+01
4.477897686254546095e+00,-7.045191573241193339e+01,-6.379690946893902037e+00
-3.879009304601787989e+01,4.122167741498724070e+01,-4.491730376371929623e+01
9.773789198805294731e+00,1.950800607688272903e+00,1.337028144666611595e+01
4.025722832617363167e+01,-2.449624867333639244e+01,4.418172540268029636e+00
5.899938323646814098e+01,1.281277811735415817e+01,6.036923082257851547e+01
4.857835314986261643e+00,-8.102303460494731269e+01,-2.783438704971745992e+01
-4.585740427255796448e+01,-2.871215537629833392e+01,-3.336628381912968422e+01
3.018013823023012776e+01,6.735547163423508010e+00,-6.854648524628159123e+01
-8.644916898017335427e+00,6.240249141231289798e+01,7.773317045144257520e+01
5.543751338573252241e+01,-1.787041618688402878e+01,-2.654138531433008819e+00
4.189730665050489478e+01,3.453472234756906456e+00,-5.545918328639010753e+01
-4.356974695557381239e+01,2.988945151094258534e+01,-7.805017896734499061e+01
5.044241885540176185e+01,-3.437762760750018032e+01,-2.994865573589040153e+01
1.179902376806597530e+01,-5.257513472373364039e+01,4.647080583881664673e+00
-3.221985877166420664e+01,-5.111087086068196328e+01,-2.373402464294840897e+01
1.174400912760501470e+01,6.628962130027690591e+01,5.285273363091307885e+01
-2.211306499158684602e+01,3.042889070385242434e+01,6.711828106169049590e+01
3.707594903543104436e+01,-6.295568283689627620e+00,5.279174250412106062e+01
-4.301144271667491381e+01,2.826016555815724374e+01,6.231362701857784714e+01
4.059340430577299941e+01,3.992645177707690607e+01,7.246181599451587374e+01
-2.770525323592863387e+01,-6.753553811674115082e+01,8.324975112711927139e+00
-5.088976860397354862e+00,5.569219558167162631e+01,-4.692500076264540354e+01
-5.723165400731352825e+00,-4.542685845109620146e+01,1.739784897064213709e+01
1.026852813801832554e+01,6.430372406383469297e+01,7.888567997761278816e-01
2.053873498296711730e+01,5.116187307531980366e+01,-5.158041080379528154e+01
-5.487336737629588157e+01,-2.828902407236412131e+01,1.268720608073354406e+01
-3.421673072229154400e+01,3.898358973245367309e+01,-7.989980473909736247e+01
-6.570409153479361386e+00,4.126472430041620498e+01,7.581781826670588487e+01
2.068901108400721611e+01,5.751408133853556848e+01,-1.659036441516569482e+01
-2.444222977925181794e+01,-7.949012263963675196e+01,-2.517284900708262541e+01
-5.681359696423526451e+00,5.285686780043246102e+01,-7.478356537075795529e+01
-4.030815415403040447e+01,-6.271363219237969133e+00,-3.996159594699315676e+01
-2.035217103420712270e+00,2.652825493704236237e+01,7.036532709862503054e+01
-2.411136473896768706e+01,5.271666177448990709e+01,7.576077478317067460e+01
3.289409457517546542e+01,4.450223906559318721e+01,-1.380237180891490567e+01
3.661478425231538836e+01,-7.730491336464082153e+00,-6.537821957418712771e+01
1.651117994015189083e+01,-1.748471665662080810e+01,-4.466472697644872625e+01
-5.156490430053872132e+01,9.433292238425194043e+00,5.503784034355833654e+01
-1.893725707680070425e+00,5.479657743701713457e+01,8.536791416845278491e+01
5.621731684840212750e+01,-1.282173576799540271e+01,-4.587645608420544363e+01
2.112047711987719367e+01,1.945240141238534548e+01,7.903658120866212755e+01
-4.951028743131399068e+01,2.012203085179865170e+01,5.097419107824505602e+01
-2.667243754808223244e+01,5.284709106986733218e+01,4.255470785729298200e+01
-4.805319957941409825e+01,1.602475082551161734e+01,-8.144397306290329652e+00
-3.303668324616197083e+01,4.649353539485088760e+01,-1.783891165782549493e+01
-2.567791471988987695e+01,-4.760298200511815025e+01,2.528589547668654802e+01
3.158837704567588034e+01,-7.927605887572150678e+00,2.617533591929309367e+01
2.986424693952606901e+01,3.563974512680023565e+01,-7.420159527046936887e+01
2.089166328522194860e+01,-3.979610706760515626e+01,-2.819273001782634225e+01
1.300430588512825203e+01,-2.358186329607950427e+01,3.500641091169370611e+01
3.269572407013303206e+01,3.053401605599606583e+01,-7.550934893537134940e+01
-4.525127372898960232e+01,-3.174806288422067979e+01,3.887169154834482754e+01
3.840122131190449295e+01,1.281339114641224164e+01,8.613022005832560524e+01
3.508045282093032569e+01,4.190035664328642184e+01,9.779760492220394497e+01
-2.925282011123640302e+01,1.186028032316481529e+01,5.893978854777176934e+01
-1.409434907266210324e+01,-8.934330151561596267e+01,-1.566707346960698999e+01
3.677728658326379474e+01,4.053500794005841357e+01,7.885785171594903886e+00
2.982172412962119523e+01,5.805481808328966054e+01,5.318805484112254334e+01
-5.957848759578601516e+01,8.559900789093033424e+00,-7.382869173268268526e+01
-9.515344204224691183e+00,-7.217944437656587553e+00,5.425950994491964607e+00
-1.444077471648967403e+01,-4.519854416908128059e+01,2.171291858586629431e+01
-5.510691140871720251e+01,-1.062984458216839023e+01,-1.187275232406793712e+01
4.089800865586173018e+01,3.373237007334866178e+01,3.602018238966894614e+01
2.261742917743959680e+01,-3.098495311407051389e+01,2.823965173440800314e+01
-5.634820996303356821e+01,1.434476394297285751e+01,-7.627904238587146324e+01
-3.033234769768579042e+01,-1.521305049460372949e+01,-3.567071185094946628e+01
1.434127582121236522e+01,2.985138018352665412e+01,-7.284514825649323200e+01
4.573162432389757726e+01,-1.202400073019848925e+01,1.305573014115788943e+01
1.787887027120711636e+01,-8.858419506084284478e+01,-2.280134425963247935e+01
4.475814492252492016e+01,1.052832798120536140e+01,-1.462537791146976396e+01
3.995945980906766692e+01,2.071862793052689966e+01,-3.216641017768661293e+00
-5.407772002742952111e+01,-3.601826760952941697e+01,4.952064373864893732e+00
2.278650118028900806e+01,-2.635186530386733494e+01,-4.225235318284805430e+01
-3.685620312726386061e+01,-5.870353256784238916e+00,5.153139164821306650e+01
-4.441621061473888687e+01,3.222797613399650629e+01,-3.132638565693130062e+01
7.975800014538839022e+00,1.025616409637608761e+01,-9.967529505884535013e+00
3.233997981220106510e+01,-1.155619107903242160e+01,-5.942490505621168495e+01
-3.238523425730564753e+01,4.662250628051039314e+01,2.452846754616182423e+01
4.722390216571046295e+01,-2.496803110954860472e+01,-5.642832115154126882e+01
6.954007660349333930e-01,8.321010364950998550e+00,-5.165107838274909824e+01
2.032730178810058419e+01,3.455445568581721005e+01,-8.812377718282031935e+01
-5.301587463209546058e+01,-1.612295906757947650e+00,-6.670328490649733766e+00
4.534292907762411318e+01,-6.200261832365766779e+00,6.484804781415878949e+01
-1.555941115346047887e+01,5.808834543846634091e+01,-2.108573093061362158e+01
1.533315661491009685e+01,6.062574196635318202e+01,-1.409860921121913790e+01
-4.436947736661425523e+01,-6.091965640044215036e+01,1.608032071699950549e+01
6.053330266728549347e+00,4.891865929811765312e+01,8.501538812301863857e+01
5.676684229344427024e+01,-1.189181834470076415e+00,8.504963728587193827e+01
-5.407236551456610840e+01,-4.249781810314312480e+01,-1.688140828205004951e+01
5.813954546775742216e+01,2.388100020146605829e+00,4.623037789607436565e+01
2.464015097215096617e+01,5.888650432001507085e+01,8.322842599708202727e+01
5.618448827512133903e+01,9.716830577410343395e+00,2.984864094070849916e+01
-3.345357655013868481e+01,4.015431407588456381e+01,-9.056849141896663014e+01
-1.340111613653703593e+01,6.242372148063810045e+01,3.014478843061971958e+01
1.200101514006913739e+01,-1.405277031307933910e+00,6.280596484926662271e+01
-3.130131142143550349e+01,4.767826489310910887e+01,-3.917555721719669037e+01
2.067699585989863920e+01,6.218921877396260811e+01,7.265871143839281387e+01
-3.384168620547163897e+01,4.738679093409326271e+01,5.428131040794990270e+01
5.688751591115557460e+01,-7.805568313513780332e+00,2.802208377506588022e+00
1.977294440932795538e+01,6.267066328595417701e+01,1.109802906395097644e+01
-5.796997664665541805e+01,1.830969091757060019e+00,-4.132158109803371104e+01
5.292870990542650134e+01,-3.548793408654298531e+01,-3.920390978129011472e+01
-2.491859395516129538e+01,-2.313947050063088540e+00,5.331334968053361933e+01
2.893992181569247890e+01,-3.420378327996689904e+01,2.292194166742662986e+01
-3.868657216444246671e+01,-3.573029454404893812e+01,-2.971843861056882119e+01
4.091893681321403875e+01,3.937253728591016966e+01,5.864497108355639909e+01
4.260921480930918825e+00,1.587181674280933485e+01,6.920560829526365865e+01
-5.666806694991603877e+01,-2.031949480237141259e+01,-2.063600234737788242e+01
2.736454890151942010e+01,-5.780195522241380957e+01,-2.558153774128998137e+01
-1.130385140133074007e+00,5.786544628884964681e+01,-3.705861260261934120e+01
5.606300207861348639e+01,-7.161519904402225301e+00,6.905429736027778631e+01
-3.758075288654338664e+01,-4.149197998660329745e+01,3.253351495445892994e+01
-5.325128984273442256e+01,-4.406817169303253934e+01,-6.524513169153700609e+00
2.458318475311066109e+01,-1.281392457971334764e+01,1.956431511660735012e+01
-2.680732627535997992e+01,5.475209270264287653e+01,5.405450358924092313e+01
-4.483863926638354513e+01,2.395491931559062238e+01,-3.547418522039173627e+00
-2.911473159241878150e+01,-5.967095194153834115e+01,-2.263409631402318212e+01
-4.946908251342330232e+01,1.593684983543556832e+01,5.842717630430617248e+01
5.634429862285166735e+01,-3.088308605163209108e+01,-5.398696752132780574e+01
-5.025569127899165522e+01,9.677843274711188215e+00,-3.214201189798676417e+00
-5.424600996205969494e+01,-1.808769124233753089e+01,4.541162494624951051e+01
-2.854875717525134249e+01,4.066104031134135255e+01,7.057440385188559162e+01
2.546950768446754410e+01,-2.514952590437339452e+01,3.723051089264770042e+01
-4.536403582147123359e+01,-6.180970089348073770e+01,4.256919577651477660e+00
-5.807685187243820479e+01,-3.445417427311814151e+01,-3.339194459510437696e+01
-2.890894398168673973e+01,5.037399277531540065e+01,3.504692412453169226e+01
-5.399749715075863321e+01,-8.509023024174448224e+00,9.766411215291588732e+00
-3.094291469523964011e+01,-8.113596457928237271e+01,-6.497626652562557226e+00
2.559975826310837022e+01,6.101261276881193396e+01,2.716044799664693343e+01
1.454572204064145113e+00,-3.902190809049879761e+01,1.982639942868285843e+01
3.619514769234324092e+01,2.608668619895414764e+00,8.101069466577068567e+01
4.096651612482595795e+01,2.485915412487193166e+01,9.640953725578736311e+00
4.810941074777023374e+01,-3.353204290047840885e+01,-3.789804954092382872e+01
2.482534007546664157e+01,4.944681423403859810e+01,-3.987953778219780077e+01
5.308131603609226090e+01,1.798054131212308349e+01,7.613617340464342931e+01
-6.008990274705344348e+01,-7.488385635060756940e+00,-5.300703476369812961e+01
-1.987659848770237758e+01,-5.929548685645772110e+01,-2.192716915014353773e+01
1.410654875319712342e+00,5.077079408097197444e+01,8.419642984270301156e+01
-2.272373629290013497e+01,3.980050299342077658e+00,5.638504276764282963e+01
-1.637962891907331198e+01,3.389072412862172001e+01,6.984157740615739840e+01
-4.061617631670331718e+01,3.787025358420657994e+01,-3.717845786830986299e+01
1.893258053312069578e+01,-2.815861567180932568e+01,-3.960257339119332443e+01
-3.638543377258719858e+01,-2.098074950410552475e+01,-3.431746579150876642e+01
5.660685465274614359e+01,-2.509353477799560039e+01,-1.564883723075975830e+01
-1.121212162273943669e+01,3.526018513742420168e+01,-7.371977357134923636e+01
4.529456113614553026e+00,5.347962748410960643e+01,8.745428327508157906e+01
-6.996512588147469458e+00,6.397769997414247456e+01,1.000481559066909121e+01
2.557940018311089148e+01,4.399704169297137213e+01,-6.162459652475322258e+01
3.107023937022500704e+01,5.014193321095426370e+01,1.700053487199871594e+00
-4.978614665861513799e+01,1.194958429235086328e+01,1.041012940705673095e+01
-4.458622820714041524e+01,2.575845197232845862e+01,1.417382368558632599e+01
8.019912407768254425e+00,-8.937988088393269948e+01,-2.127891438060828833e+01
5.575594678250616454e+01,2.912860458589335177e+00,8.129668198156210224e+00
5.333671709495362734e+01,-2.845840667443927607e+00,2.150684605459223420e+01
4.195909438411212733e+01,7.264240250662171050e+00,-4.124918163873616805e+01
-5.508111053048666150e+01,-2.372254281680024945e+01,7.262618685562376442e-01
-5.516673831353467961e+01,3.957416231106285487e+00,5.207789203494591135e+01
1.819308729869404218e+01,3.685663123338022018e+01,-8.978825092212574077e+01
4.593045055716578418e+01,2.617588831649115022e+01,8.033546255621406829e+01
-3.777832918462799228e+01,4.111096848319357377e+01,-2.805270458751821394e+01
1.605310541616373143e+01,9.052817536952201039e+00,-9.277617386306880931e+00
1.627612672816184158e+01,-6.930400545536544143e+01,-8.309289845847377620e+00
-4.388186799507956692e+01,3.597762629811469282e+01,-5.026961958498501559e+01
-4.111374839241906898e+01,-1.339510975137321047e+01,4.833787794988489850e+01
5.446023010400993769e+01,9.408316525112649487e+00,1.731687978920340854e+01
8.625296926494883942e-02,2.705555262433633601e+01,-6.466551369800137650e+01
-5.542470782167082888e+01,-1.570810213604264227e+01,1.237485866225077658e+01
4.975500460470222208e+01,-2.399265171548274367e+01,-4.338167887751028573e+00
-2.145329125635332090e+01,-9.199618409364557436e+00,-3.060405960558450644e+01
3.496164622481766315e+01,3.627782127107842314e+01,-1.826989951855899008e+01
4.101185101714243331e+01,3.636194097229415689e+01,4.710690451026268022e+01
3.261299482308656650e+01,-2.713684248070865834e+01,-4.525196005387063281e+01
3.537364467807125834e+01,3.086023393504859413e+01,-5.821018530212700171e+01
-3.046326665085398133e+01,-2.934731994401531097e+01,3.775906727949890040e+01
3.686708296024330167e+01,4.500692329340897402e+01,8.569002887075787100e+01
3.402222450524517683e+01,5.392380531476689276e-01,-6.898168967100389182e+01
-4.822802075357872553e+01,-2.644312917501776283e+01,4.201021964024065625e+01
2.504537069831410889e+00,4.377260298963219043e+01,8.018488652738730593e+01
-2.277061994097633502e+01,5.644866822066146028e+01,2.755808598760236094e+01
-2.026017339304630127e+00,5.493301524717433892e+01,-6.005170256722254152e+01
2.130242503185336034e+00,5.029337245090734143e+01,-8.080099752324970552e+01
1.909144646274018342e+01,6.549725504304710455e+01,3.879339730796409924e+01
1.016993383428584963e+01,5.845425605038253991e+01,-2.970031838002134350e+01
5.754434910416407689e+01,4.544996695011247922e+00,8.895062879147130275e+01
2.701073959230401655e+01,6.151599380841800979e+01,3.874676142785347110e+01
2.971412062366054840e+01,1.088190287547834778e+01,8.069169133174843012e+01
-1.153908491184852991e+01,6.300192503363512486e+01,1.023193873564992362e+00
5.862650378448473276e+01,1.262189535586821520e+01,7.074647241037064305e+01
-4.748413542108494312e+01,1.817154474930148211e+01,1.821819652433241643e+01
-1.951688537986843031e+01,6.039097698437787187e+01,5.784464150174277108e+01
-4.433375177446898796e+00,4.651580362116804679e+01,-9.262212604813073824e+01
-5.210019922642155876e+01,1.129592593732736994e+01,4.070730069565492926e+01
-5.111755504435092234e+01,-5.140340296974628131e+01,-1.916518703103985288e+01
4.953321565692610307e+01,1.901512107566702525e+01,9.356573695971366078e+01
-5.445164298905685030e+01,3.037291831590995361e+00,-2.848596841165113602e+01
1.002276224025744433e+01,5.534547839561671623e+01,9.167452017283913790e+01
2.952928213571615856e+01,-3.862300191839197083e+01,-4.575455073253316129e+00
-9.674739563781320939e+00,-6.280439343068326252e+01,-2.233054664891427166e+01
-1.038242600589018316e+01,-4.019540063983539113e+01,-2.535091572771576551e+01
-1.635627460695017632e+01,4.903350678576252619e+01,-8.810890015171833056e+01
1.098327560020737437e+01,-3.211054998115042025e+01,2.451275732886040970e+01
4.102832018973445827e+01,-2.869797464095412565e+01,-5.191180598447434846e+00
1.228127701155090890e+01,-4.513124963725025651e+01,1.105396012149498119e+01
2.563112628758025835e+01,5.509928921006657987e+01,9.282111402189475768e+01
3.918489242752098534e+01,1.031797922353790575e+01,-6.847092685446712323e+01
-1.289432862161097049e+01,5.786849522223401010e+01,-3.229263592614014300e+01
3.035571378506048745e+01,-3.612721180792732412e+01,4.994601853525682422e+00
-4.185260888945632196e+00,6.082150009603413565e+01,-2.437516626860886149e+01
-1.258334650537882959e+00,6.322249652954194232e+01,-9.452665393989811093e+00
1.964504084186988564e+01,-5.372250450576920855e+00,6.227287355470538444e+01
-5.215037292093310839e+01,2.568184707780969589e+01,-6.498322311795242001e+01
2.384809011512328603e+00,-1.114473993483021985e+01,-3.711381448285875706e+01
1.295791457136532010e+01,3.996739300522995819e+01,-9.017368152854277241e+01
-4.147685369708652559e+01,3.270060987384660933e+01,-8.297860167096524719e+01
-4.902082767107663130e+01,-1.204139580801024678e+01,4.889515913767704802e+01
-3.552693018506341360e+01,-7.141556476144137378e+01,5.504347457387273046e+00
-3.072263021888137047e+01,4.575998080880460606e+01,6.868981037784823940e+00
-4.897041236237615891e+01,1.762818562660383037e+01,-2.375581575594151928e+01
-1.158617862450561198e+01,5.299076032765528055e+01,-6.743612968667119389e+01
1.716872669993817624e+01,6.492418893926702594e+01,6.046018821987639313e+01
-4.487880583564410841e+01,-2.107882910001960042e+01,4.471729197943218281e+01
3.520340447238989867e+01,-9.507853530045915491e+00,1.887777691174383321e+01
-5.568245120724689201e+01,-3.249388251989170584e+01,2.616121418660917186e+01
-1.024813816114380316e+01,-6.436983072719826282e+01,3.997320830130176805e+00
5.089797919020833561e+00,3.500526331189975338e+01,-7.592802737891905451e+01
2.284999708674605046e+01,4.426412239627043732e+01,-6.812541032760809401e+01
2.569774733594346827e+01,5.517060325984713387e+01,-8.685915939750890047e+00
-2.189642820815243240e+01,3.115605772352239455e+01,-7.043939920319310488e+01
3.643903147769950834e+01,-3.205792006328431754e+00,-6.881164348431194355e+01
-2.917806152069755043e+01,4.915945440144665923e+01,-2.934732652322844260e+01
6.154906170972525814e+01,-3.056155515311222004e+01,-4.020045528592682871e+01
5.994292578834885177e+01,-3.377609788844333050e+00,7.720207000419003407e+01
-2.827189242765130928e+01,6.943307381857730221e+00,5.710614764953405142e+01
1.186486160918766863e+01,5.892705346005378431e+01,9.230920990136974069e+01
-2.630178778015942687e+00,-9.261482392602090385e+01,-2.357751848037525022e+01
-2.958687701808718629e+01,-3.067017680131013169e+00,-4.073897070451599234e+01
1.643030685526657564e+01,4.386102395482397220e+00,-5.650770739903244788e+01
-3.053954376437674867e+01,4.781737978157914171e+01,1.602404527981540738e+01
-5.623034385188616824e+01,-1.090095223116767542e+01,3.124889922219696814e+01
2.911927666332326581e+01,-2.722641092143275099e+00,7.182090129011832857e+01
5.672740967212994434e+01,-2.708009303970972059e+00,5.372293381941737778e+01
3.855226231528304481e+01,2.080662405947429860e+01,-4.056017498124911924e+01
3.128673597965113018e+01,2.030533202044802010e+01,8.474270064569735439e+01
4.270647090910342314e+01,2.906755105194651634e+01,4.525562073873629743e+01
3.437449142106335387e+01,4.290803085171290121e+01,-2.228273510530558887e+00
3.719124284681120685e+01,4.581006006595080748e+01,3.650119442614339960e+01
2.973412468738770897e+01,5.619676896421751877e+01,8.224808876020928494e+01
-3.906510479153319437e+01,3.925891806703823050e+01,-2.137227776790074785e+01
3.089933255808714563e+01,5.532858528436570111e+01,1.675021563879147379e+01
-1.905392888465124557e+00,3.511474262627340437e+01,7.417069414915356163e+01
4.700130098009569224e+01,1.561926292334853628e+01,1.187921248626787118e+01
6.397436720615978345e+00,7.526783498096105696e+00,6.682805813844764486e+01
8.623295272028714820e+00,-8.505982663528689258e+00,4.218269987243300534e+01
3.989328946908187845e+01,-3.041372371862456792e+00,7.553979679141058057e+01
-1.566638061560659168e+01,5.982223274015090908e+01,7.726499400445693766e+01
-2.409996839395531154e+01,5.340315682010674436e+01,-2.248146654794394195e+01
1.602071805131961924e+01,4.901708162232619514e+01,-6.698228212802654014e+01
-3.105943091545162105e+01,4.852966486333361473e+01,6.699540001383658705e+01
-4.044192670191108618e+01,-7.281660012201464838e+01,-2.053661252012366489e+01
-4.752159342443186318e+01,-5.827413815897526916e+01,-5.404075306844498883e+00
2.350559789134895183e+01,5.867403639308754038e+01,1.864447483346712620e+00
-5.640019139292263617e+01,1.125149230357708241e+01,-4.859643404369275288e+01
5.094272524242047950e+01,1.715678855584591744e+01,8.857272883713513068e+01
7.446536957272261503e+00,5.716238236376105419e+01,-3.567398237046492682e+01
-2.139671138850945198e+01,4.947234216693892961e+01,-7.572406405623270587e+01
1.579817353354512832e+01,5.720532525933655421e+01,9.531591064519916756e+01
2.617583636426958904e+01,2.641165551517554988e+01,8.455671456523826635e+01
4.481048574798600193e+00,-4.333672870431884405e+01,1.484139024558776576e+01
1.514549562054434517e+01,4.496342730493691420e+01,-7.676549394675163285e+01
-5.294748088243744633e+01,-6.284525506858888999e-01,1.605850932101713013e+01
-4.767338920685094195e+01,1.867105958315389103e+01,2.822826572518587707e+00
4.019487455201303128e+00,3.070585841130242599e+01,-6.881133526978928217e+01
-4.926117178487177739e+01,9.319685493182049640e+00,-6.291835082829410908e+01
7.315820457397881782e+00,5.539338358790600836e+01,-4.924142722101034764e+01
-2.898673175982133188e+01,4.218575481926291815e+01,-9.412309202431069366e+01
3.724707013960478008e+01,2.669534943072382660e+01,-5.765143489912262709e+01
1.193167759082729873e+00,6.587753213714472622e+01,6.355169300055281667e+01
1.988142807327212935e+01,-1.335152303828764531e+01,3.441475824694230568e+01
4.646267080559460538e+01,1.056020454776182049e+01,-4.104809485411327508e+00
1.137929761341434620e+01,-7.234877198557140510e+00,5.477182088082440004e+01
-2.476258602063345293e+01,5.408220917817058648e+01,1.847389322296224634e+01
-4.942056669876117070e+01,1.665939315573619339e+01,2.802842261442378557e+01
-5.106293660906735710e+01,8.531164091737881705e+00,2.194912199220231841e+01
5.208171049204846526e+01,-6.509390044831676603e-01,-1.866573469432734100e+01
5.011708860021053624e+01,-4.772519089257957425e+00,3.472237192445630427e+01
5.498397496518177974e+01,-3.172713824343597366e+01,-2.281640407476763244e+01
5.955989319809063431e+01,-2.170521710261043680e+00,6.543213423048881339e+01
2.564562952764361725e+01,4.915402195629501847e+01,-3.110720403952100455e+01
4.104504990773605044e+01,7.704797478656476351e+00,-4.854933337933751858e+01
2.373616470348674312e+01,4.604159783616283974e+00,-6.158858241805775435e+01
-1.833367972065381934e+01,-1.539569882062644002e+00,-4.160348615634934788e+01
2.204900018443357013e+01,4.071253802395234800e+01,8.917267960933111226e+01
-1.291431245749784829e+01,6.099988871635294885e+01,-1.079315129507495818e+01
3.996877200133216945e+01,-2.845752706992555758e+01,-4.684812441325629351e+01
-4.507369128038988038e+01,2.462308815018040420e+01,-1.263487960354121498e+01
4.438290784693435143e+01,3.049654341204638897e+01,7.004341657164141566e+01
-6.037438095397432392e+01,1.204484926131107914e+00,-6.593595040396301954e+01
-4.919479959122075030e+00,-6.566196184747460052e+01,7.447520574330156462e-01
4.970711194901376473e+01,-2.768307980320627948e+01,-1.179662451574815840e+01
-6.141469984215018485e+01,-6.214708774342971864e+00,-5.770651976307858888e+01
2.482121587618733116e+01,6.157783174574620233e+01,6.485528704846919368e+01
2.257756537893832771e+01,-3.492242543332882576e+01,-3.268899661916137944e+01
4.891795031533114724e+01,-5.360693902236093322e+00,-5.205374578817589537e+01
1.839924657614442793e+01,2.305872659352914411e+01,-6.817793939691706839e+01
3.756809908778369334e+01,3.516600168817380734e+01,2.051798141446832702e+00
-2.720230525473602157e+01,-8.679680484739756707e+01,-2.276382483998307293e+01
-4.830895335928057088e-01,-8.812623222970270831e+01,-1.776606349558958442e+01
1.570098362661733660e+01,5.492228718308265911e+01,-3.844215080961511433e+01
4.620610574206814647e+01,-2.285841062951340419e+01,1.301468701116939908e+00
-1.903358520848432534e+01,4.602721774665356236e+01,7.547115953759397655e+01
-5.721124455599900216e+01,-2.838150296763764757e+01,-2.611622284156786122e+01
3.216182800355583282e+01,5.540899457562497332e+01,3.162728660439244166e+01
-8.978947253950147811e+00,-1.317727736632905788e+01,1.385794183222105236e+00
5.639383063040416033e+00,-1.881461076050176118e+01,-3.829334341762973537e+01
-3.663818848810795714e+01,4.116905215196629797e+01,-1.182104040775419307e+01
-1.467315129800241991e+01,6.147412433931813069e+01,6.844806658765222096e+01
-4.904514084145647956e+01,-3.798362677227653705e+01,3.492927918855170333e+01
3.379497489642381680e+01,-2.576578182184914212e+01,1.447197903909610339e+01
6.227464710209692100e+01,5.395501997294777752e+00,7.099018729760959445e+01
-1.377778914746347105e+01,-1.788598167449137222e+01,-3.506817218086443688e+01
2.877172869659847976e+01,-6.268954759852987024e+01,-2.202520655759987633e+01
-4.064066101862013625e+01,3.253883891042934096e+01,-7.649828253041687454e+00
-2.472373260366241254e+01,-7.941078276323456464e+01,-1.463723007851787017e+01
-3.541057733783829065e+01,4.248440583777111357e+01,3.739873435144383507e+01
1.012513842366539762e+01,1.104090433461855980e+00,3.688915013296827539e+01
-5.346292188946142687e+01,1.240533639180075198e+01,-4.005990192693817420e+01
3.868209156502438617e+01,1.599252211854904004e+01,-5.379509606508510444e+01
2.279259607716096170e+01,-1.243332293298153601e+01,2.368127095978912777e+01
4.112212738294873304e+01,3.708832816157262613e+01,8.246653083862395306e+01
-4.304939883077411622e+01,3.325199797959292169e+01,5.018414017819200268e+01
-4.120538412441328013e-01,4.442153025620090290e+01,-9.330045645061076698e+01
5.443876269830639103e+01,1.493816198763225245e+01,8.306463932144407636e+01
-9.613871587112241102e+00,3.572058760580491565e+01,7.219339816674627741e+01
-2.691884055318954339e+01,-1.100301911241435704e+01,4.837505790641477432e+01
6.020502049515341270e+01,-3.486988955442470939e+01,-3.024441779958759469e+01
2.278868976817635428e+01,6.320152919846094619e+01,4.772705881438746189e+01
8.579701922023168947e+00,6.239116519176384656e+01,-1.340518230620723372e+01
-4.164534962970346754e+01,3.688793116445722831e+01,-6.891639937631508417e+01
7.467899619263006272e+00,-6.719846044550725139e+01,-2.642156352836881084e+01
1.756584188738770536e+01,6.084739277693179105e+01,-5.882096495164457650e+00
4.626461248697347628e+01,1.500090658876364991e+01,5.575065252420328576e+00
-4.162273563238328222e+01,3.141947666598832356e+01,-1.671686665913168923e+01
3.262955499011631133e+01,5.546184575537306927e+01,4.168271404653951606e+01
-5.603403367331172547e+01,-2.134942007493527782e+01,-1.091848221665517826e+01
-4.689550183028503483e+01,2.431333790769127390e+01,3.176951414182292766e+01
-4.597094793598352425e+01,3.116273110831830806e+01,-4.260919914514384743e+01
1.041114061203851016e+01,1.675995534552516375e+01,7.255318309790789044e+01
5.248581701583876935e+01,-1.675374592910001681e+01,2.463421970378434800e+00
2.496297633083584699e+01,-7.125381186500047193e+01,-2.092415992299097383e+01
-1.717866818172967669e+01,-3.271623457001069823e+01,3.210763315674793006e+01
1.536990935319420259e+01,-8.377576880348158284e+01,-1.737495503146700671e+01
3.296935318052410935e+01,3.562685490466930105e+01,-5.186318593856167070e+01
-2.993948821798380067e+01,2.878362955698036352e+00,5.535749691596620892e+01
-2.986365965398374911e+01,-9.267122610714535469e+00,-3.782862443525417717e+01
4.622629081583750832e+01,-1.972156559383629215e+01,4.055776614791999357e+00
1.062122857832232548e+01,5.338743241356267788e+01,-5.980930328472267377e+01
6.048070895753242837e+01,-2.712665362813894987e+01,-5.514806716753957261e+01
5.809098530513167447e+01,-1.525038392042333868e+01,-1.718748348999010389e+01
4.142693699560832954e+01,2.771538328115847705e+01,2.719884487215328761e+01
1.884706433882963239e+01,-2.444223434822758989e+01,-4.177691316371016228e+01
-5.430324193124304344e+01,-5.237133732634276839e+00,-5.089512533594494670e+01
-3.819818917365538624e+01,-4.351729084970797246e+00,-4.121665104865545004e+01
4.239525871847806116e+01,1.124331786085557061e+00,-6.564900690475430167e+01
8.217413650781454137e+00,2.487132773953561937e+01,-6.453994865795417013e+01
-1.606093679362551896e+01,-2.253332408628120120e+00,5.417628689943431652e+01
-6.786635700160414508e+00,4.629003211779855320e+01,-9.556842766264860245e+01
2.183160203276251210e-01,-9.065252703413949575e+01,-2.782495390855004658e+01
-2.992907343725824276e+01,4.820667077913999066e+01,-5.185437635563421566e+01
-1.783213949910948770e+01,-4.323911999895236669e+00,-3.708967375305637582e+00
-5.531998431142894646e+01,-3.116847582665351624e+01,-1.055045092173810239e+01
4.019551286808892598e+01,-1.719180077611265622e-01,-7.458407810854043873e+01
-2.983337615090383110e+01,-6.548700172047232115e+01,-2.294410988100291959e+01
1.374152742195549948e+01,-1.689255905405278924e+01,4.274394310322912105e+01
6.076633652376632710e+01,6.257134068043253450e+00,8.130112858260048370e+01
-2.797203402009242268e+01,1.639221780234377590e+01,-5.782510649622324195e+01
-5.336962850922277823e+01,-1.145065956516924111e+01,-4.741538594833811260e+01
2.610082948120521351e+01,3.655524041390621903e+01,8.952371949502493464e+01
1.295575018475045326e+01,-7.552659946419444736e+01,-2.846063784837256350e+01
6.090490488960029580e+01,-3.322741239404373914e+01,-5.075532040448211291e+01
-4.731830451194843912e-01,-1.076983388459773572e+01,4.857095299210089934e+01
2.782502626137646473e+01,-1.516922976609278706e+01,5.824115147243298374e+00
6.315233280681436412e+01,-2.740296280904318138e+01,-4.527683743745674860e+01
-7.964684805051467364e+00,2.799808845110471012e+01,6.919486360446516926e+01
8.192993132893601427e+00,-7.870943506696006864e+01,-1.280781766825072765e+01
3.935871147449510232e+01,3.745937642219163877e+01,9.314036738435555662e+01
-2.227558835784430258e+01,5.542302341209217786e+01,-1.588830289555209951e+01
-2.011489776806432417e+01,-6.779097932920583958e+01,-2.200828360145650464e+01
5.198512786168507205e+01,-4.792832689585026174e+00,8.085075563241441898e+01
5.304585373958990147e+01,7.286235074197032979e+00,9.055481494024824940e+01
2.760454441010940130e+01,5.054006959417467471e+01,-2.160783607356178493e+01
-4.251325440611297779e+01,3.218026705425688760e+01,3.399756306801448602e+01
5.260347335296658322e+00,-2.291172545654066539e+01,3.545465393665644172e+01
-4.596087921868788584e+01,-5.462958252521087132e+00,5.199229735198994717e+01
-2.599813404990164045e+01,-4.889379587685026962e+01,-2.329118760319711967e+01
-2.144494135345533081e+01,4.515276277053843046e+01,-9.635001929772688811e+01
-3.810737250274429044e+01,4.204718301114790791e+01,-5.759369723422091880e+01
-4.170595523397138038e+01,-5.353456921952359693e+01,-2.493368928558211195e+01
-2.826890044675018387e+01,1.862325538365212907e+01,6.153906225209883729e+01
3.366141124405324092e+01,5.075199879587334095e+01,8.708305635294779279e+01
5.618722869747300308e+01,-1.289630179634428764e+01,1.556462197737436659e+00
1.180762698113908726e+01,-1.070665261495460108e+01,3.061390422968757719e+01
-1.057312484018428833e+01,2.253083870819183598e+00,-4.444820278681815751e+01
4.665794075249746697e+01,1.340674814663672088e+01,3.131129186025306321e+00
2.572560306541079811e+01,2.255859113908454727e+00,5.246156285875541414e+01
2.932166786491733745e+01,-1.785899819085341278e+01,-5.306261113380227812e+01
-6.129607579046626142e+01,-4.604258279732870385e+00,-6.162317878162186702e+01
1.793562082391983736e+01,3.549255370711447455e+01,-8.149385193734352129e+01
-1.632542590554374584e+01,6.037828739955698154e+01,2.087948810870944172e+01
-2.743130281846864360e+00,3.297131596310055812e+01,-7.047224802915941666e+01
-6.994541234229017412e+00,-3.872984262207539530e+01,2.358373059409954209e+01
2.153326658254693982e+01,2.802622063791713458e+01,-7.626046157622575095e+01
-2.089547749105183172e+01,-6.465398803017404816e+01,8.599101478268670107e+00
3.366972220479766520e+01,3.327535727849084424e+01,-5.817510406805648415e+01
-4.781442267444277405e+01,3.156744683980560851e+01,-5.901087050969489667e+01
-2.365753650789930518e+01,5.343016276673839116e+01,-3.355350013339264592e+01
-2.685820175522072972e+01,-3.851609752784028728e+01,3.133625703908662530e+01
1.061701932902745327e+01,-3.757524221616417748e+01,1.851487069545298780e+01
3.964819352829268695e+01,2.976600359397709283e+01,1.841391040868304074e+01
-4.665017769638090783e+01,2.600432571823322547e+01,5.462123706461599681e+01
5.076706040979491519e+01,-6.521221822877511620e+00,7.601984445985225136e+01
-6.001937597847170736e+00,1.949647846270121931e+01,-5.928617997136650786e+01
-1.973222798049432569e+01,5.722046663093293262e+01,1.057391756313984921e+01
3.166103955800255676e+01,-2.255171815384617418e+01,2.481847486708700501e+01
-1.908900916298709305e+01,-4.113704452541200141e+01,2.693326245788122009e+01
-5.664636835016255390e+01,-3.825166945941892749e+01,-3.319704966834483884e+01
-2.682779278894777875e+01,-4.183612719541726221e+01,-2.485682556886755279e+01
3.577573605084146635e+01,4.489268859343027884e+01,1.365474450571536025e+01
2.499638211702409052e+01,-6.010526356517516433e+01,-1.409532333718109065e+01
5.283728130214212726e+00,1.394906497750175589e+01,-2.014124389672895532e+01
-2.097599909863612666e+01,-5.246587459552674204e+01,1.922741222528031457e+01
5.399987294182311359e+01,-8.745022150128500371e+00,9.092034101156475145e+00
-1.697809655638763715e+01,-9.428822630152633621e+01,-2.543559935345691159e+01
3.725538095391404170e+01,2.471495855916365869e+01,-6.845305872670843428e+01
-5.426719704242247388e+01,-1.264943536879995456e+01,1.321179248423405284e+00
2.156747701575071119e+00,1.747400330350101427e+01,-5.856645870227256268e+01
2.978838640019793260e+01,4.235585389980062843e+01,-3.301362025904583675e+01
2.584891787169982891e+01,-6.251301586009765998e+01,-2.794564648372070437e+01
1.268699902014426684e+01,-2.679037729379644617e+01,-3.760431475397988521e+01
2.638100567566354471e+01,9.604978841289915081e+00,-6.643434170831550034e+01
-4.340425605978215629e+01,-5.953619631124558254e+01,-2.379343067345755713e+01
1.825148687663254066e+01,-4.760739527438818897e+01,-2.508431453294873847e+01
1.727756383521808559e+01,-3.197929015631049410e+01,-3.594316354681876646e+01
-2.869497873830717971e+00,-4.974628148101445824e+00,-4.173366377592925858e+01
-3.848743394290886355e-02,6.011172162879990566e+01,8.885992662365036665e+01
-4.354539544008203933e+01,2.995572394572463892e+01,-2.337186353388345950e+01
-3.718301710363193280e+01,-5.952503255301742513e+01,-2.366753206185152791e+01
2.138081618461837508e+01,-5.738681204456074880e+01,-2.893473650713167089e+00
-2.303592484054086498e+01,-5.325982846526494541e+01,-2.216974665059869665e+01
-1.637569455159817267e+01,-6.181087940072499975e+01,9.134507314427260383e+00
7.108233132575902502e+00,-4.588067489689405676e+01,1.153325728805061878e+01
1.869813260480885475e+01,-3.251215202835968654e+00,5.874551089919987135e+01
-5.852709611495350828e+01,5.960239569801165871e+00,-4.987434914152428433e+01
4.082711561922140930e+01,-3.152885897713765928e+01,-3.100875840425577934e+01
1.803618091515017241e+01,2.032933656297440717e+00,6.979714906296142374e+01
-4.942315715310068747e+00,-5.855859650176802234e+01,-2.307893522663716723e+01
2.133865499915122044e+01,-9.336451954899838768e+01,-2.492519903648330626e+01
3.664520964230712252e+01,3.622138462711843943e+01,-6.857909990100433006e+00
2.844581974761197785e+01,-3.480198083035489987e+01,-1.863877556752134979e+01
1.561294572937887892e+01,5.139632797763405314e+00,8.504259059751639871e-01
1.428672620930824166e+01,-5.432810799851666594e+00,-3.662923873153788890e+01
-1.822231049578908824e+01,-6.924406332014014254e+01,3.218447012416211450e+00
-5.621709817542812004e+01,-8.970444168520403494e+00,4.703478701088955916e+01
-5.046986347915397175e+01,-5.180876115220814171e+01,-7.865230243550638711e+00
2.381880643157642297e+01,-2.890413855729766723e+00,3.503556891052303968e+01
1.128489983068238001e+00,-6.221769703175372257e+01,-2.452752520214951559e+01
2.080420171880917835e+01,5.479698903972140300e+01,9.655316423331917974e+01
-3.393937410003756128e+01,-8.030788370654974528e+01,-1.984688463800321756e+01
5.384151491910733611e+00,6.137180800138887093e+01,-2.286836812188094115e+01
-1.849530793372711912e+01,2.102062294525837416e+01,6.382634779988977414e+01
-6.239332019986559175e+00,-1.363265321739596203e+01,-3.748496921446324848e+01
-1.744953809396695021e+01,3.811561263820719603e+01,-7.946624598505232484e+01
-2.771773986645410304e+01,-7.126555183434457774e+01,-2.348868230669513224e+01
5.560677478662817919e+01,9.640212997526186101e+00,8.798322578223172741e+01
-4.018616874753643486e+01,-2.527409982705085412e+01,-3.337841845979568944e+01
1.694973240286293148e+01,-3.828625463740480228e+01,-3.370633249240135143e+01
5.449848968688526440e+01,2.967162426247258011e+00,8.788362668307314607e+01
-1.569438118917500624e+01,5.361055910112742851e+01,-5.170530123855563431e+01
2.887698005162403803e+01,2.477732087566401731e+00,-6.497052845454770420e+01
2.145765288814990512e+01,-4.102604358245981686e+00,6.588032054183943842e+01
2.304659939299549265e+01,-7.905325228430450579e+01,-2.657361810042470296e+01
7.640791334662704770e+00,-4.128327701380369064e+01,1.559266889851812543e+01
-5.572480530381715624e+01,-1.065891055544253341e+01,-2.795032921497674749e+01
-3.370771371097125435e+00,4.776254433712469449e+01,8.034528334782183379e+01
9.423260315047089719e+00,-6.207920119425393324e+01,-2.029228894270750150e+00
1.531800514727284224e+01,2.383979758052893771e+01,7.750977649576124406e+01
2.987710117033268631e+01,-3.433937478049776360e+01,1.417264416335082799e+01
-3.844467913855574892e+01,-7.431647837459436801e+01,-5.624558681123157378e+00
2.796610371014455154e+01,3.920682583390849629e+01,-6.971925657112656438e+01
2.916647839386767416e+01,5.088934842616360044e+01,9.555812077194713083e+01
1.753745110635489723e+01,-4.199305006047531919e+01,1.382052431061363684e+01
6.185109001377578686e+00,5.234809137050909555e+01,-7.082412429704450574e+01
-5.474375389717698681e+01,4.356246619043793733e-01,4.037722890775039986e+01
7.777935983539357778e+00,-4.768926104580153869e+00,2.730058416447200287e+01
-4.575642818043618831e+01,-5.381457857376044274e+01,-2.507415425166214362e+01
-2.207015223479633903e+01,2.773407415132727039e+00,-4.488617831329641916e+01
-4.903033526411905285e+01,-3.154130593303339225e+01,-3.309610927956007487e+01
-5.670845529008260399e+01,-2.089610591364850123e+01,-4.169975052923982162e+01
3.674846684431233257e+01,2.996255761355533309e+01,-2.746720476376275499e+01
5.106919537423548405e+01,-3.211472505996101034e+01,-4.969190540152159485e+01
-3.124300525249734761e+01,-4.668592953990989969e+01,2.776538488425387285e+01
-3.708748682007828990e+01,-1.248871376546779044e-01,-4.451348865243503639e+01
-3.495876435675661753e+01,-6.116585252900478054e+00,-3.941315259299341278e+01
-4.631859520050541335e+01,2.186602630139691428e+01,2.304393782570901550e+01
2.507529124457382252e+01,-3.863638848183414520e+00,6.200648795783249767e+01
3.562146966569267192e+01,3.169801578343907522e+01,-3.522110995543761192e+01
2.330404558055864683e+01,-4.091247323565494298e+01,1.428318970466827942e+01
3.496270779178033905e+01,3.444940865209074587e+01,-2.302523690812771662e+01
-2.591102361350054117e+00,-7.218627822342205036e+01,-4.870812402640038563e+00
-4.910589223454609709e+01,-2.966864881326361214e+01,-3.369220095117726999e+01
1.687303849508842157e+00,-8.935935209574086002e+01,-3.155712882777539718e+01
5.331199584743502840e+01,-1.330714165448728892e+01,-5.907273786964700690e+01
-6.074636647245105436e+00,-9.057232557611844470e+01,-1.845449512425336636e+01
1.674197218745022253e+00,6.500727000660043586e+01,7.616319663786391914e+01
3.024069820350448978e+01,5.403675365862545021e+01,7.582774047468492817e+00
5.090317555004866534e+01,1.990007259822652230e+01,5.497145343275680318e+01
3.562386645482488490e+01,-3.043015065592672030e+01,-1.224852501809117911e+01
-4.262178581842285752e+01,-9.963102172844722659e+00,-3.890527783945255180e+01
4.367067709313535318e+01,1.627972855547592701e+01,1.559818532474484876e+00
-5.664252615444273431e+01,-2.868633742671229925e+01,-1.770334130739708556e+01
1.733426772050180631e+01,6.543183639087806114e+01,2.982931458303472638e+01
-1.868206013440524421e-02,-6.562956414371562630e+01,-1.407272837312072422e+00
-3.995909496810062933e+01,-2.806412500570282020e+01,4.038739887633104786e+01
1.172093007479012883e+01,-3.102356107213769754e+00,4.699640437893216927e+01
-7.473723238561836624e+00,3.800810772474942212e+01,-7.863816284944296342e+01
-2.261847464965007859e+01,-8.627356138373390593e+01,-1.154101579581588943e+01
-3.939321934205029407e+01,1.526560979829880083e+01,5.938787144524271611e+01
-5.734809975072371913e+01,-3.968791203095192799e+01,-2.625582063036397784e+01
2.584645114084498374e+00,-3.829994977350833274e+00,1.678989564500850662e+01
-1.235781678487823676e+01,-5.438675679516341432e+01,1.323759008650100633e+01
3.843902514626731826e+00,3.009667962057011437e+01,7.398762464873394151e+01
8.679863737445346672e+00,-3.366992873768899130e+01,-3.419141215688875235e+01
-1.964930762133134223e+01,-8.102410922617005440e+01,-2.541207184115163287e+01
-2.625325460713466086e+01,-7.545451132345260703e+01,-2.405781162717702770e+01
-5.136159843199159525e+01,-3.056727100248516393e+01,3.958033987205702431e+01
-8.557177985379635032e+00,7.991657095927971355e+00,6.127751556073418016e+01
1.777545541562264120e+01,6.172991857414660188e+01,8.385280694831601522e+01
5.049072201266187498e+00,-8.309872400013360050e+01,-1.513597967061159011e+01
-5.499661892887252179e+01,-3.632778277893336849e+00,-2.818687155300784042e+01
-5.252879979018890566e+01,9.441635760424251345e+00,-2.481743849657844336e+01
-3.455854866303582185e+01,1.033758328142734229e+01,-5.336839853700184477e+01
-3.160221710077079749e+01,-6.157480725910323827e+01,1.557367814988344001e+01
-3.383989156013424093e+01,4.193467937890041952e+01,-2.072761934611807799e+00
-5.028993894707693357e+01,2.121938529045708322e+01,-4.000333024457808762e+01
-2.993624864916089479e+01,-5.599107157860981943e+01,2.019608635562251564e+01
-2.383585291454769362e+01,4.444286295395039588e+01,-9.286179228101754290e+01
-2.229126425588012239e+01,-9.031947077481149222e+01,-1.595475355552509811e+01
2.884527659029940239e+01,-3.064580881449120753e+01,3.192967113754998110e+01
1.974501812385715027e+01,-1.006525600161088896e+01,2.953441308113600883e+01
-5.423397240348393211e+01,-4.597273959532038390e+01,-2.531750075247628473e+01
4.593826836022467575e+01,2.079074612830831370e+01,2.895669422071113175e+01
-4.233184653665267660e+01,3.460973306645892222e+01,4.090594034949764790e+01
-1.009026375551838228e+01,6.385766304876702293e+01,6.233922054297713800e+01
-3.828045148736350001e+01,-4.793732730286733101e+01,-2.544658632353176841e+01
-2.137452087435992709e+01,5.811633586308455079e+01,6.860897732896428636e+01
-6.085629887044517261e+01,4.022448147161041376e+00,-7.062793506487680872e+01
2.011082937221716804e+01,1.046929224523369406e+01,-2.554976010878345605e+01
1.526600819811769405e+01,-4.627484992884451032e+01,9.702408388137119033e+00
5.455531544183268799e+00,6.645693569915331977e+01,4.546396597633892611e+01
-4.684923234842526085e+01,-7.559322935390332177e+00,-4.337694171390323561e+01
-3.629218989243940818e+00,-7.241284344901225722e+01,-2.429140631633571701e+01
1.599905924817018743e+01,-6.426874546197278448e+01,-4.756657957297810491e+00
-5.297119029669134704e+01,-4.336797306660712081e+01,1.673695079544700093e+01
-1.027593085540785900e+01,2.840466520767504477e+01,-6.573659121344243772e+01
-4.567525837227762509e+01,-4.623274954166767259e+01,3.004041977875469627e+01
-4.413929058259154914e+01,3.028931649268447401e+01,-8.308857257935942187e+01
2.999533306946925038e+01,3.967749293185394066e+01,9.371834607689307006e+01
-2.921368318865824154e+00,6.471474894030716030e+01,-8.669266103979493820e-01
6.205303727666184699e+01,-2.514348972208537702e+01,-4.110533716727962172e+01
-5.399414351150264935e+01,1.918652755781281272e+01,-7.360332051250824748e+01
-1.509184759234478612e+01,6.155855036627747268e+01,4.188392161400354041e+01
1.346677134429153178e+01,-1.316450231512770408e+01,3.669438099914531648e+01
5.505546725577335110e+01,-6.704444887064108016e+00,6.243514853317001467e+01
-1.399731342615615937e+01,-7.401242549188197017e+01,-2.646823632976211815e+00
-3.788141364702756420e+01,4.126172865358689279e+01,-6.404185737219304997e+01
-2.670157415932816392e+01,5.482283390517897459e+01,6.426411212984957899e+01
5.227766499141741185e+00,3.780047826643078679e+01,7.804273837468835495e+01
-5.689226053615377054e+01,-3.558981312405968822e+01,-2.209147980401836620e+01
3.559451500251664413e+01,4.696733402637368471e+01,2.325530183185425059e+01
8.354600202874701509e+00,1.481997814959342685e+00,3.088911752228718299e+01
-5.476137445279846361e+01,-1.066224423299130208e+01,-5.919049881118987777e+00
2.334935417462106244e+01,5.754627647013347769e+01,9.001685042391682146e+01
9.654850578948039441e+00,4.215211269156242224e+01,-8.493143881473028500e+01
2.594728984554546258e+01,3.213642654379643204e+01,8.696998270505353901e+01
3.607102860640942055e+01,4.932886651560828994e+01,4.812876109958467907e+01
-2.575847484930584130e+01,-3.670998729160866247e+01,-2.622598320536139482e+01
2.892640436121703118e+01,5.518724119423492169e+00,-6.668814309755715897e+01
5.735052286577688108e+01,-1.026761790263189056e+01,-8.702213603611168580e+00
-1.901688665592786620e+01,5.918004565819947516e+01,-5.104763436188814119e+00
-3.680407376854826396e+01,3.830115807627358038e+01,-4.221069462705330899e+00
4.463785343628093472e+01,4.040849883540376553e+00,-3.475908035718675393e+01
5.058640081360614715e+01,-1.513753844121265502e+01,-6.599200016305741201e+01
-2.857333828133765152e+01,4.760884227132564916e+01,7.308889687397173418e+01
-3.842347555995952746e+01,4.071996766103440990e+01,4.601349648177111362e+01
9.483841229576697174e+00,3.573149002025441234e+01,7.916680172388996084e+01
6.066772322533439166e+01,-4.876092310686225978e-02,8.370780627737573809e+01
4.149936550932272894e+01,3.024150841606023477e+01,9.442538924696381741e+01
-5.317522989957596025e+01,-3.059208795416493043e+00,2.312229183053764014e+00
2.059395595382428112e+01,-2.082884550655001554e+00,2.830590192738885236e+01
-2.545742961778396207e+01,-9.527433403413084534e+00,-3.757336938159675555e+01
-1.551618405938823742e+01,-7.396999949371276273e+01,-2.305192438034866242e+01
2.203482149912890620e+01,-1.455545096732303456e+01,-5.032871644735178052e+01
1.255222608004450535e+01,-2.137142108542417418e+01,-4.013280150786916778e+01
-4.737093956679689200e+01,3.205516379429138141e+01,-6.710375443911493676e+01
-3.612261679620608845e+01,1.353829094646491882e+01,-5.804918680524062324e+01
-1.835539162875376817e+01,4.990335713587576549e+01,-8.223451578422452712e+01
2.356906808076335480e+01,4.763968026378754672e+01,-5.733801711416003144e+01
-3.615682947947600923e+01,-3.879636394050568526e+01,-2.801759349158924195e+01
1.926479569418226845e+01,-9.617593008360093165e+01,-2.640784430634147739e+01
8.469163417105731284e+00,-1.490958562991266767e+01,-4.121596513582324661e+01
1.608877132118058029e+01,-3.650710885899275127e+01,1.962618160492696262e+01
-3.824622834070301991e+01,5.340006960269695568e+00,-4.959958745719961115e+01
-1.472014186699355598e+01,4.268221217606001261e+01,7.461652319297976987e+01
-3.777322433643531951e+01,3.676647721068884067e+01,-8.625766960079519663e+01
-5.851785126170224061e+01,-7.642098335639124329e+00,-3.755368329432092622e+01
5.943524004063048949e+01,-1.550016619735042767e+01,-3.526804941991222364e+01
-1.592898003938444518e+01,5.200407446340874174e+01,-6.700199621140949091e+01
-1.811688971172475249e+01,-5.314383007538965131e+01,-2.211726446214920827e+01
1.137870492564241864e+01,4.730457602818077589e+00,6.781778815958723783e+01
-9.089506764486369406e+00,2.115421628424522993e+01,-6.051520357790502658e+01
-1.875510059290743925e+01,-9.097084323880491752e+01,-3.204436684143559688e+01
1.311075087499416725e+01,6.177859240871560331e+01,-1.223726046606428497e+01
-5.838353399077750083e+01,-3.801603244245814039e+01,-3.196251465736822794e+01
-5.701120604596160746e+01,9.403771434418038311e+00,-7.195815955509773687e+01
6.528758528151466400e+00,5.998722160950877225e+01,9.152359915995225492e+01
-1.083328344660597153e+01,-6.845966183457693433e+01,-2.236197587105753826e+01
2.885013578090854125e+01,-6.827195307099421129e+00,-5.952297628567467314e+01
-1.380508499928802735e+01,1.510744921344328695e+01,6.278410767454866459e+01
6.154570279838087998e+01,4.570694907652549155e+00,5.732329272349971205e+01
-5.762343175421560915e+01,-2.686876328721469775e+01,-3.890771087821065777e+01
-4.399065838852739319e+01,-6.555482328000817915e+01,-4.874483459048160938e+00
-4.745800167043203288e+01,2.061318240830213711e+01,-1.755456524206787350e+01
-4.469292085198515707e+01,-4.918006044317928627e+01,-2.659180706492612956e+01
-2.330886902971943897e+01,-1.967375753423615947e+01,4.264220002168999457e+01
