x,y,z
6.5,-10.5,93.5
6.5,-5.2499542236328125,93.5
3.999995470046997,-5.2499542236328125,93.5
1.1531838259563463,-6.096765748514174,93.5
-0.7500046491622925,-8.999954223632812,93.5
-1.2500046491622925,-11.82711622491127,93.5
0.418951037949459,-15.16890988577286,93.5
3.6021439160531057,-16.249954223632812,93.5
6.499999999999999,-16.249954223632812,93.5
8.757475013944003,-15.992474441317228,93.5
11.155312712829774,-14.6828742911133,93.58823754868185
12.249995231628418,-12.15206176103234,93.5
12.246793091061686,-9.499954223632812,93.99679785943327
11.332006292769846,-7.2499542236328125,93.83201106114143
9.249995231628418,-5.236023916045723,93.23606969241291
0.0,0.0,0.0
1.1638237853189464,6.2500457763671875,1.5000004768371582
-0.6131327151884964,5.2500457763671875,4.865650788364384
-2.4705385473822172,4.7500457763671875,7.158981993493071
-5.706774886355114,2.543275896802235,8.999996185302734
-6.750004768371582,-3.4999539852142334,7.09534715471461
-5.169491132367931,-7.080467859636464,5.0720957900394055
-2.916119435149258,-8.097297638564655,1.7634587969652558
-2.000004529953003,-6.7499542236328125,-1.9152395406129985
-0.957844213157882,-5.707793787628402,-4.499999523162842
3.129407878872998,-3.2499539852142334,-6.129411931988843
3.037697028014052,-1.7499539852142334,-8.537701557967056
4.273344354803496,7.250045776367187,-7.095347154714613
4.018389435782448,7.2500457763671875,-5.0720957900394055
2.8702237044997534,7.2500457763671875,-2.370227757615598
5.655284224045307,-9.671613126530026,88.45669465840197
5.742435929683654,-3.515581672815266,88.76562768760104
3.0115652231639873,-3.9761598712000987,89.22620588598586
0.2399972379207611,-5.301633358001709,89.79167938232422
-1.2500046491622925,-8.286822319030762,89.61300659179688
-1.2500046491622925,-11.228029251098633,89.2295150756836
0.042337995022535324,-13.792296409606934,88.71256256103516
2.5379036584204973,-15.689486800683492,87.25
5.5681325184069586,-16.018498640904518,87.2314555827283
8.299003224926624,-15.249954223632812,87.28854936331373
10.878435134887695,-14.371514320373535,87.10584259033203
11.249995231628418,-11.324006286572406,87.33055282140292
11.749995231628418,-8.499954223632812,87.72168978416934
11.249995231628418,-5.564316749572754,88.20166015625
9.443412780761719,-3.1933717727661133,88.76607513427734
4.899644316730328,-9.369890949452138,82.73677775053937
4.999995231628418,-2.201861410763623,83.25
2.1041553199121283,-2.9572247910678926,83.70727080585365
-1.1767005920410156,-4.426650047302246,84.12416076660156
-1.7500046491622925,-7.975764774011132,83.88854830627564
-1.2500046491622925,-10.956399056451879,83.59332295982823
-0.7422236902236383,-13.507735182571466,83.14999316522582
1.0683553218841553,-16.818313598632812,82.54391479492188
4.7778167724609375,-18.249954223632812,81.85722351074219
8.198897361755371,-17.05105209350586,81.47850036621094
9.749995231628418,-13.999954223632812,81.49880384988677
10.749995231628418,-11.095744765295676,81.59579054166286
10.749995231628418,-7.783382842452401,81.88023254125052
10.511800024006355,-5.261759016010749,82.32356233585293
9.02071475982666,-2.2706732749938965,82.85201263427734
4.095790778244854,-8.957892062398955,76.13395836810008
4.258097153404591,-1.4918520634380608,76.71887344632356
1.1567144393920898,-2.0932347774505615,77.09239196777344
-1.7500046491622925,-4.175992488861084,77.3355484008789
-2.250004529953003,-6.9999542236328125,76.5
-2.2023653518859327,-10.499954223632812,76.04763917806707
-1.2500046491622925,-13.462876541269422,76.62755497165676
0.413077712059021,-16.163036346435547,76.07929992675781
3.9714860916137695,-18.749954223632812,75.37360382080078
7.599639892578125,-17.141660690307617,74.99134826660156
9.249995231628418,-13.927205203233303,74.97335599666398
10.585322797132491,-10.16462665812874,75.0
10.749995231628418,-7.298216921051916,75.24310349865796
10.749995231628418,-4.0088276863098145,75.59170532226562
8.54317569732666,-1.2499539852142334,76.12106323242188
3.4711631719554212,-8.554871613056527,70.52059946509263
3.5620367527008057,-0.7499539852142334,71.05744934082031
0.4999953806400299,-1.7499539852142334,71.39987326168985
-1.94897789974369,-4.198927520429285,71.60836763098206
-2.750004529953003,-7.038868268331141,71.57974273371919
-3.250004529953003,-10.499954223632812,71.0
-2.750004529953003,-13.177095413208008,70.99505615234375
-0.6408451795578003,-16.609113693237305,70.48286437988281
3.3613853454589844,-17.983417510986328,69.8720703125
6.98779296875,-16.748916625976562,69.49290466308594
8.749995231628418,-13.649883536077459,69.4446897104544
10.249995231628418,-10.464678487334936,69.44629996977334
10.749995231628418,-6.863160459879307,69.68209350120732
10.749995231628418,-3.146820545196533,69.96548461914062
7.970725059509277,-0.7499880790710449,70.49101257324219
2.8148101670979866,-8.028382128783669,64.00819577791471
2.8977876859177156,-0.2499539852142334,64.53386438600921
-4.633468506654026e-06,-1.2499539852142334,64.82723668030107
-2.250004529953003,-3.3358398527478466,64.83588586753362
-4.228270029339463,-6.978219484600693,64.93230247597818
-4.750004768371582,-9.730870683905382,64.71371717774068
-3.819228410720825,-12.930730819702148,64.39288330078125
-1.2621545791625977,-15.987804412841797,63.905433654785156
2.716686248779297,-17.249954223632812,63.386573791503906
5.954874038696289,-15.295075416564941,63.168766021728516
8.28044330726975,-12.969506147991481,63.03740219401209
10.116523730028412,-9.833739050014689,63.20030951008461
10.538151741027832,-6.290852069854736,63.28815460205078
9.694526672363281,-2.9444854259490967,63.6092643737793
7.0259480476379395,-0.7499539852142334,64.0496826171875
2.3120283174310785,-7.5303903564720684,58.44327720478588
2.3855500237464464,-0.2499539852142334,58.999996185302734
-0.23701519893068676,-0.9869645640519031,58.999996185302734
-3.0536687094349433,-3.3036181646961738,59.32976733831835
-4.750004768371582,-5.9999542236328125,59.230442071540004
-5.250004768371582,-9.220790922925797,58.99653542562985
-4.6277923583984375,-12.622166633605957,58.68900680541992
-1.7757327556610107,-15.474225997924805,58.22655487060547
2.227097749710083,-16.522851943969727,57.79347229003906
5.471709251403809,-14.778240203857422,57.63209533691406
8.046757698059082,-12.703191757202148,57.55449295043945
9.493241390101998,-9.183354571058917,57.92664269120242
9.749995231628418,-5.9749606075059924,58.024989801429555
8.638599395751953,-2.8885579109191895,58.21926498413086
6.032212859578675,-0.9731992980170846,58.80896850045014
1.79248154439815,-6.896791715824158,51.95348525873008
1.8453040867548853,0.2500460147857666,52.59199533622622
-1.280465981426772,-0.7499539852142334,52.71953866773552
-3.7602572431655945,-2.510206688649085,52.74725608344004
-5.250004768371582,-5.34677955793913,52.579554932487596
-5.750004768371582,-8.550140359850976,52.3140475128548
-4.386821086682833,-11.363137905321562,51.98619560387859
-1.8673641681671143,-13.986186981201172,51.60359191894531
1.7352054119110107,-15.249954223632812,51.26114273071289
5.257080078125,-14.749954223632812,51.070987701416016
7.625697612762451,-12.124251365661621,51.133888244628906
8.749995231628418,-8.839622266995937,51.301074618519415
8.749995231628418,-5.325237145412394,51.67471707822042
7.5761354741100355,-2.8260942276958514,51.920774913581575
5.499995231628418,-0.7499539852142334,52.25428273839812
1.4023789069507302,-6.310155569838777,46.378889340503406
1.4348722696304321,1.5620298385620117,47.122894287109375
-1.7368522882461548,0.7500460147857666,47.19740676879883
-4.250004768371582,-1.5468275170655827,47.11304548120169
-5.750004768371582,-4.9999542236328125,46.88289652098733
-5.750004768371582,-7.922618135371078,46.5839133239363
-4.750004768371582,-10.807302143789343,46.24947961756531
-2.286461353302002,-13.463497161865234,45.87751770019531
1.369606375694275,-14.249954223632812,45.62849426269531
4.71039342880249,-13.749954223632812,45.516361236572266
7.249995231628418,-11.538732528686523,45.60454177856445
8.749995231628418,-8.248862256658931,45.84270862202834
8.67181368013672,-4.921772672141115,46.0
7.338152288561767,-2.0881110421475824,46.5
5.329558849334717,0.4189211130142212,46.82870101928711
1.0611903850189837,-5.684740577482266,40.780225135937705
1.0781408548355103,2.1335766315460205,41.61647033691406
-2.023391008377075,1.2266595363616943,41.62238693237305
-4.750004768371582,-0.9999539852142334,41.47874325823339
-6.250004768371582,-4.140710627475401,41.19060241387217
-6.250004768371582,-7.260592863573786,40.85690103124892
-5.106177806854248,-10.143780708312988,40.507755279541016
-2.5480456352233887,-12.701912879943848,40.149009704589844
1.0447885990142822,-13.249954223632812,39.97105407714844
4.148252010345459,-12.60169792175293,39.93738555908203
6.870103359222412,-10.87984561920166,40.03129959106445
8.249995231628418,-7.61092224378635,40.33203714429085
8.40439935261848,-4.154358253455539,40.703549240626494
7.338613510131836,-1.1461297273635864,41.05755615234375
5.0633544921875,1.186686635017395,41.38279342651367
0.7223540943078337,-4.907875643296613,34.201514243129445
0.7318561193119407,2.2500460147857666,35.09302675783275
-2.4444053173065186,2.175105571746826,35.13053512573242
-5.250004768371582,-0.10548499971628189,34.91958236694336
-6.250004768371582,-3.383111175467624,34.55318851770931
-6.250004768371582,-6.451228877045356,34.18247676907499
-5.411011219024658,-9.338948249816895,33.80736541748047
-2.8632898330688477,-11.886669158935547,33.440731048583984
0.712528645992279,-12.537421226501465,33.279659271240234
3.669846543310946,-11.580103150368863,33.31791795526526
6.1201466891433025,-9.723180258072475,33.59337367725728
7.844884491194888,-6.759987089237877,33.85491831047427
7.749995231628418,-3.364522409547874,34.220551717183895
6.7808990478515625,-0.5308576226234436,34.59085464477539
4.7443976402282715,2.0033037662506104,34.944068908691406
0.4804475273911599,-4.203063357005718,28.508231476192563
0.49242353439331055,3.7009384632110596,29.541532516479492
-2.6336870193481445,2.7500460147857666,29.486557006835938
-5.308591365814209,0.4414592981338501,29.24403190612793
-6.250004768371582,-2.6999750412452994,28.864146699909586
-6.614038613002602,-5.635920379001792,28.499996185302734
-5.362979037817711,-8.386979954186684,28.079401168549623
-3.098436117172241,-11.151522636413574,27.679033279418945
0.469012588262558,-11.749954223632812,27.521615982055664
3.457646684630766,-10.749954223632812,27.572924380051365
5.556998940690778,-8.692950514570452,27.751242048723253
7.122412035117726,-5.627537420143504,28.10583168452734
7.249995231628418,-2.678392018052934,28.548139224250374
6.249995231628418,0.08573811095106354,28.937061783835503
4.523129940032959,2.7269115447998047,29.32472038269043
0.2520930332958322,-3.337258966985587,21.78523028354828
0.27929285168647766,4.2500457763671875,22.833242416381836
-2.607215261510385,3.1428352832283846,22.79030319901114
-5.7024359703063965,1.4097727537155151,22.63783836364746
-6.750004768371582,-1.8654648540452001,22.224061105399493
-6.250004768371582,-4.859550398831191,21.810497159253195
-5.250004768371582,-7.491470152276406,21.491512113946328
-3.222623825073242,-10.027335166931152,20.974939346313477
0.2245316505432129,-11.025418281555176,20.72328758239746
3.35361647605896,-10.249954223632812,20.727310180664062
5.637734581853799,-8.112214873407432,20.943437048270752
7.156916842686856,-5.033812653892081,21.440776226620443
7.249995231628418,-1.8149675351399879,21.759963407843365
6.249995231628418,0.9697085618972778,22.182863235473633
4.230535984039307,3.4299306869506836,22.589570999145508
0.10030187699120852,-2.559376336055678,15.939211279263695
0.16487178206443787,4.7500457763671875,16.956100463867188
-2.79558591736518,3.954464432424809,17.011840577901214
-5.443541615153309,1.8065091680040397,16.87294054749692
-6.250004768371582,-1.127588801309735,16.53049972026904
-6.250004768371582,-4.115067698026284,16.115109843224314
-5.250004768371582,-6.834039429597072,15.668819501899467
-3.5071661472320557,-9.421534538269043,15.17873764038086
0.027948031201958656,-10.749954223632812,14.799736022949219
3.461125373840332,-10.084096908569336,14.704723358154297
6.249995231628418,-7.9820356369018555,14.845487594604492
7.747834205627441,-4.508433818817139,15.248408317565918
7.749995231628418,-0.900540292263031,15.75196647644043
6.337026596069336,1.9130147695541382,16.222110748291016
4.03633451461792,4.065177917480469,16.64852523803711
-0.028265122291827538,-1.6120139310456665,9.004115832644139
0.12416100534685334,4.7500457763671875,9.960368675650486
-2.8939250766497646,4.2500457763671875,10.164971998404296
-5.531998589556123,2.718052193601226,10.154798917010092
-6.750004768371582,-0.2445888264538172,9.8937919377705
-6.750004768371582,-3.1407100306696485,9.35924013984732
-5.750004768371582,-5.9999542236328125,9.013448510454191
-3.5359935760498047,-8.21396541595459,8.470012664794922
-0.18787741661071777,-9.249954223632812,8.002779960632324
3.2873265743255615,-9.249954223632812,7.660995960235596
5.896145820617676,-6.853803634643555,7.723480701446533
7.734057903289795,-3.5158910751342773,7.987184047698975
7.749995231628418,0.1729709506034851,8.476808547973633
6.277454853057861,2.97257661819458,8.994415283203125
3.633332088245635,4.6167091581685495,9.479107996050992
-0.09910741238742737,-0.7673879047721286,2.9472429160353784
0.7222101148456379,5.7500457763671875,3.2222152242877975
-2.0555427279025427,5.194507578417648,4.192000152335082
-5.684591945549462,3.7500460147857666,4.315413299659278
-7.750004768371582,0.6547169089317322,4.301916122436523
-7.706302165985107,-2.6394214630126953,3.90423583984375
-6.3067946434021,-5.443164348602295,3.3545949459075928
-3.839904308319092,-7.910054683685303,2.6794793605804443
-0.33386991228848956,-8.249954223632812,2.0857156154123593
2.688997104422795,-7.560952589257015,1.7024856797356758
5.183276279346233,-5.566673175914998,1.5344855784796954
6.749995231628418,-2.4990245494165144,1.6372780807827871
7.749995231628418,1.164176106452942,1.9598177671432495
6.223051071166992,3.9946110248565674,2.532379388809204
3.8240814499659694,5.7500457763671875,3.130682521102484
-19.666666666666664,-2.0,-20.16666666666667
-19.000003814697266,1.7500460147857666,-20.16666666666667
-21.000003814697266,1.2500460147857666,-20.0
-23.922886256910367,0.2500460147857666,-18.646588241579625
-25.28232536356925,-0.5322755340862177,-18.25343396886227
-25.02371822051896,-5.2499542236328125,-18.25343396886227
-24.09743533957237,-5.2499542236328125,-18.584249283486052
-21.500003814697266,-5.7499542236328125,-19.278672392650513
-19.6666685740153,-5.7499542236328125,-20.166664759318035
-17.439079373947997,-5.2499542236328125,-20.962233556923344
-16.108452840094614,-5.2499542236328125,-21.10844902539735
-14.376550487118713,-3.7499539852142334,-22.05599387364809
-13.44475962282851,-2.7499539852142334,-22.944754854456928
-15.242493405989915,2.2500460147857666,-21.742488637618333
-16.786479619540447,2.2500460147857666,-21.28647580484318
-1.2613592669297216,0.1906013048137538,-0.5539293373064993
-1.5209264300343328,6.2500457763671875,-0.9293027149077707
-1.5000046491622925,5.7500457763671875,2.000000476837158
-3.4192677092324835,4.7500457763671875,5.080737297557677
-5.424827575683594,2.825222969055176,9.299050331115723
-6.750004768371582,-2.5658955574035645,13.106200218200684
-4.850224018096924,-6.899734973907471,8.947659492492676
-2.7035844326019287,-8.546374320983887,3.89862060546875
-0.5000046491622925,-7.7499542236328125,0.5000004172325134
-1.655033340757137,-6.404982915227658,-3.66177787355259
-0.7500046491622925,-4.9999542236328125,-5.499999523162842
2.417269258312776,-1.7499539852142334,-8.417273729095395
5.411619186401367,3.54189133644104,-17.161623001098633
2.0587875843048096,6.7500457763671875,-9.34408187866211
0.9999953508377075,7.2500457763671875,-5.121031272826516
-2.4266624987264436,0.17814505195374863,-1.6642856759391833
-1.5000046491622925,6.7500457763671875,-2.999999523162842
-3.305591542306249,5.7500457763671875,-0.3055865675069478
-5.000004768371582,4.2500457763671875,3.500000476837158
-6.750004768371582,2.20989940763003,5.099872103260255
-7.544737815856934,-1.6969937086105347,6.0037522315979
-6.435030460357666,-5.3149285316467285,4.592018127441406
-4.232782577321061,-7.517176414683334,1.7663062644011593
-2.559213026969946,-7.2499542236328125,-1.059208072726227
-1.8226440395243833,-6.57259364863208,-3.999999523162842
-0.7500046491622925,-4.890327491092272,-5.6096262557033825
2.261567722048363,-1.7499539852142334,-8.261572081464593
0.9999953508377075,0.5816520896841424,-9.831606074898376
2.3644065856933594,6.743833541870117,-9.142237663269043
-0.15174017026500236,6.7500457763671875,-5.348263991128956
-3.7483205454860924,0.12011928962476048,-3.0611667091151986
-3.000004529953003,6.2500457763671875,-3.336478646045398
-5.500004768371582,5.2500457763671875,-1.4999995231628418
-7.500004768371582,3.7500460147857666,1.0000004768371582
-8.75,1.7524021666096634,2.2476443250132614
-8.675521201023624,-1.4999539852142334,2.074479275813533
-7.725289587647716,-4.2648828681689945,1.259786900934138
-5.520076122112743,-6.729882869891652,-0.19991665092334054
-3.611002175434143,-7.2499542236328125,-2.785854772184998
-1.7417692779267648,-6.2499542236328125,-4.741764209568507
-0.7500046491622925,-4.50661822317841,-5.993335523617244
2.1437777413692105,-1.7499539852142334,-8.1437820165355
0.9999953508377075,0.6292829499983328,-9.879236935212566
2.3281090259552,6.7500457763671875,-9.604211807250977
-0.9341174044172351,6.2500457763671875,-6.065886767907899
-4.857035844132284,0.037595779681467434,-4.329276886504104
-4.000004768371582,5.7500457763671875,-4.632794044550215
-6.500004768371582,4.7500457763671875,-2.5394785500325354
-8.603753291038885,3.7500460147857666,-1.6037528142017274
-10.234881577597866,1.8624042046108817,0.01511886414877206
-9.728886288501597,-0.5210676967126359,0.5000004172325134
-8.250004768371582,-3.9999539852142334,-0.039371169037973885
-6.524434864432445,-6.2255241275719495,-1.7516173796354741
-4.72940662577671,-6.7499542236328125,-3.999999523162842
-2.2809075847005484,-6.2499542236328125,-4.999999523162842
-1.4123286532276023,-4.393843555707929,-6.768434195153035
1.016942629855432,-0.7499539852142334,-9.0
0.9999953508377075,0.8630961963240161,-10.113050181538249
0.941393256187439,5.698331356048584,-9.493112564086914
-1.94407006330733,5.7500457763671875,-6.499999523162842
-6.132596503333854,-0.09141562885284316,-5.871441217066945
-5.000004768371582,5.2500457763671875,-6.241262937385198
-8.5,4.2500457763671875,-4.33495060613184
-10.783830094820276,3.2500460147857666,-2.7838248496115368
-11.714678705020093,1.6668924796369045,-1.9646734598113529
-10.750004768371582,-1.4999539852142334,-1.9999995231628418
-9.75,-3.7595181820263734,-2.759563719974982
-8.393393297373194,-5.7499542236328125,-3.893391803845597
-6.001340378140601,-6.7499542236328125,-5.501619496748691
-4.500004768371582,-6.2499542236328125,-7.407931828002048
-2.750004529953003,-4.4999542236328125,-8.5
-1.7500046491622925,-1.760109876606364,-9.739844108607869
0.30453306436538696,1.505832314491272,-10.7481050491333
-1.1821323735712506,4.171706993264483,-9.578338783102705
-3.139030971366013,5.2500457763671875,-7.999999523162842
-7.21887564217387,-0.22556156092196744,-7.230854636934197
-6.000004768371582,4.7500457763671875,-7.6733413165946365
-8.5,4.2500457763671875,-5.842768881171411
-11.842613812211606,3.2500460147857666,-4.342608567002867
-13.270693725797745,1.4926543568859127,-3.020688480589004
-12.398721622788035,-0.9999539852142334,-3.6487163775792943
-11.110282018919946,-3.5566308072062833,-4.416953595703256
-9.362589375845634,-5.7499542236328125,-5.3625888990084745
-7.074708908887836,-6.7499542236328125,-6.788367957273756
-5.09935914230781,-6.2499542236328125,-8.099353991850784
-3.500004529953003,-4.2499542236328125,-10.0
-2.250004529953003,-1.727694155558026,-10.772259829656207
-1.7500046491622925,1.2106216683471729,-11.5
-2.59146764537439,3.84150904298113,-11.0
-4.261388576917904,4.7500457763671875,-9.5
-8.488182649385774,-0.4040396415445713,-8.840776569226321
-8.000004768371582,4.2500457763671875,-9.373229075400433
-11.066501927643017,3.7500460147857666,-7.562513683504786
-12.763990103008949,3.2500460147857666,-6.263984857800208
-14.9978666305542,1.4734536409378052,-4.249999523162842
-13.677265025704203,-1.1595607130988381,-5.086866508380068
-12.500004768371582,-3.2499539852142334,-5.499999523162842
-10.468160136847434,-5.7499542236328125,-6.968155195329869
-8.000004768371582,-6.7499542236328125,-8.30832406305221
-6.014453797223984,-6.2499542236328125,-10.014449028852402
-4.815753898546399,-4.5657033538076295,-11.5
-3.750004529953003,-2.2857142999330726,-12.71423968528116
-2.8732147502658028,1.1268357944729668,-12.75
-3.770605770655912,3.6751753995160756,-12.574870615269692
-5.5936178269769306,4.2500457763671875,-11.40638694139465
-9.586177401763965,-0.5713631607820702,-10.22504263529396
-9.788365327218118,3.7500460147857666,-10.829654956971282
-11.500004768371582,3.7500460147857666,-8.998134927704998
-13.500004768371582,3.2500460147857666,-7.499999523162842
-16.132341384887695,1.388121485710144,-5.3823370933532715
-14.815484455782595,-1.5556257954018153,-6.121151020761436
-13.210961699437231,-3.734590347460516,-7.1955928164747744
-11.000004768371582,-5.7499542236328125,-7.999999523162842
-9.383989476309813,-6.2499542236328125,-9.620430313616637
-7.0844953932515935,-6.2499542236328125,-11.0
-5.916656140178195,-4.794369995684428,-12.372235599754998
-4.40643803005769,-2.2374213729653003,-13.918965873935042
-4.250004768371582,0.5420056193984774,-14.45804039538729
-5.096457440909796,3.043708793284498,-13.706337221501268
-6.9130286825231995,3.7500460147857666,-12.5
-10.701098005838048,-0.7477783735494867,-11.598366822165133
-10.0,3.7500460147857666,-12.0
-13.115508844386497,3.2500460147857666,-10.39239445858746
-15.000004768371582,2.7500460147857666,-8.552582832292964
-17.298606872558594,1.3286579847335815,-6.377215385437012
-15.936996864859019,-1.906544770422852,-7.15659030837146
-14.517479295732494,-3.7499539852142334,-8.017474067188763
-12.000004768371582,-5.7499542236328125,-9.5
-10.448951285704593,-6.2499542236328125,-10.94894700421232
-8.295514193680352,-5.7499542236328125,-12.795512243533139
-6.52695156604885,-4.682269731457717,-13.567684492175095
-5.724338475480092,-2.4742876923227435,-15.5
-5.250004768371582,0.5170567035675049,-16.281143188476562
-6.978000388561446,2.6420661267500867,-15.085975508225545
-8.204875314394746,3.2500460147857666,-14.402315731110118
-12.032936631815332,-0.9598452108243265,-13.167864589647962
-12.000004768371582,3.2500460147857666,-13.5
-13.500004768371582,3.2500460147857666,-11.957801816552006
-16.000003814697266,2.7500460147857666,-10.064227439832678
-18.603240966796875,1.2437613010406494,-7.497557163238525
-17.510875701904297,-2.238809823989868,-7.999821186065674
-15.96521968041553,-3.7499539852142334,-9.055478209873804
-13.77388253876983,-5.2499542236328125,-10.773877770398247
-11.75850702063242,-5.7499542236328125,-12.458670105170908
-9.72416402809086,-5.7499542236328125,-14.377927362743916
-8.771439669538335,-5.021393893171148,-16.0
-7.152709053144045,-2.9026582699866967,-17.396592300179602
-6.313711166381836,0.3754538893699646,-18.56354522705078
-8.100653583215134,2.7500460147857666,-17.28025096942212
-9.0,3.2500460147857666,-15.0
-13.209486979700102,-1.142480175053052,-14.468921320467217
-13.500004768371582,2.7500460147857666,-15.18767084224496
-15.000004768371582,2.7500460147857666,-13.0
-17.123083027630113,2.2500460147857666,-11.315732326580978
-20.000965118408203,1.2473163604736328,-8.198628425598145
-18.48651695251465,-2.390575408935547,-9.127134323120117
-16.91672756136849,-4.2499542236328125,-10.5
-14.923241215095661,-5.2499542236328125,-11.92323644672408
-12.914331122033127,-5.7499542236328125,-13.750171798689474
-10.988796195979663,-5.7499542236328125,-15.699336325114132
-9.941494900019913,-5.2499542236328125,-16.94149490001991
-8.5,-3.0680368255709007,-18.681917159643334
-7.7477192878723145,0.149308443069458,-19.99771499633789
-9.281415939331055,2.7500460147857666,-18.893512725830078
-11.066677125079014,2.7500460147857666,-17.411090659061827
-14.633148841240727,-1.3510439019742364,-15.915344208060702
-14.92971764722124,2.2500460147857666,-16.60257091557803
-16.76004099502943,2.2500460147857666,-14.650035556130012
-17.564225577999913,2.1858242514831194,-12.5
-21.574228286743164,1.1758219003677368,-9.150946617126465
-19.908166885375977,-2.62990140914917,-10.28810977935791
-18.150421887448317,-4.2499542236328125,-11.745900941686969
-16.315226615308887,-5.2499542236328125,-13.315222800611624
-14.304233651544212,-5.7499542236328125,-15.19577111682737
-13.000004768371582,-5.7499542236328125,-16.5
-11.47905097108323,-4.7499542236328125,-18.47904620271165
-10.148815201120904,-3.1718488355654206,-20.078105149648813
-9.084490776062012,-0.0058457255363464355,-21.834489822387695
-10.623013496398926,2.7500460147857666,-20.669036865234375
-12.60845574590739,2.7500460147857666,-18.83770793301698
-15.90548070628054,-1.5214537827068142,-17.077682886550136
-16.176990712357007,2.2500460147857666,-17.69419339542084
-16.500003814697266,2.2500460147857666,-15.779379395040126
-19.000003814697266,1.7500460147857666,-13.908897257985101
-22.407672882080078,0.8404074311256409,-10.671136856079102
-21.440319061279297,-2.901111602783203,-11.15115737915039
-19.349513363881027,-4.672918472466184,-13.42296424883337
-17.568187185650267,-5.2499542236328125,-14.568183370953001
-15.633970700204076,-5.2499542236328125,-16.461172377679432
-13.845707976657934,-5.2499542236328125,-18.375986378060144
-12.500004768371582,-4.7499542236328125,-19.0
-11.532664041273389,-3.1799278472234844,-21.070026137990748
-10.314464569091797,-0.12779247760772705,-23.064361572265625
-11.775160789489746,2.7500460147857666,-21.95271873474121
-13.40670422773519,2.7500460147857666,-20.406699459363608
-17.46080953895292,-1.7049954251572927,-18.323505198596735
-16.500003814697266,2.2500460147857666,-18.7981353338182
-18.500003814697266,1.7500460147857666,-16.990679071012366
-21.000003814697266,1.2500460147857666,-15.247121410810063
-23.40853500366211,0.34151434898376465,-12.73374080657959
-23.69732666015625,-3.3117849826812744,-12.061830520629883
-20.95565512808323,-4.7499542236328125,-14.531033234180995
-19.306172316900973,-5.2499542236328125,-15.928964876052984
-17.70277662521839,-5.7499542236328125,-18.297227189478875
-15.55528318551532,-5.2499542236328125,-19.555278522579155
-14.867163144778935,-4.7499542236328125,-20.367158376407353
-13.242741883993434,-3.2499539852142334,-22.24273711562185
-11.52912425994873,-0.17674316465854645,-24.27911949157715
-12.596999168395996,3.2454047203063965,-23.601524353027344
-14.655322960155738,2.7500460147857666,-21.655318191784154
-18.863074694492123,-1.844735387436259,-19.280675228478444
-18.983883205377964,1.7500460147857666,-19.57643551766831
-20.858543734335893,1.2500460147857666,-17.927596670390425
-22.500003814697266,0.7500460147857666,-16.36524599771805
-23.996883392333984,-0.24683412909507751,-14.953548431396484
-23.3713842599247,-4.7499542236328125,-15.315436812128059
-22.541621575827882,-5.026088015909833,-16.276133792277022
-20.532421873379263,-5.7499542236328125,-17.532418058681998
-18.742266183606283,-5.7499542236328125,-18.98491493928858
-16.867605654648354,-5.2499542236328125,-20.633753786566462
-15.693308993586772,-4.7499542236328125,-21.69330459391444
-14.533259274782155,-3.4023467108975365,-22.88086178072727
-12.069038391113281,-0.06268507242202759,-25.256301879882812
-13.627182960510254,3.2500460147857666,-24.123790740966797
-16.650344671585422,2.2500460147857666,-21.532290357949798
41.0,2.0,-32.5
39.999996185302734,5.7500457763671875,-31.5
38.37127934164436,6.2500457763671875,-32.330453018241045
36.53835432261506,5.952407979355152,-33.79763779701204
35.695099820953146,3.757399474211349,-35.44510363565041
36.33058952646036,1.6694526736281459,-35.25
37.499996185302734,0.4077256102817861,-34.65767959549602
39.499996185302734,-0.7499539852142334,-34.0
42.999996185302734,-2.2499539852142334,-33.5
44.14770425351563,-3.2470986668281565,-32.15056338659897
44.499996185302734,-3.2499539852142334,-31.5
46.72392563688039,0.7500460147857666,-29.223929451577654
45.47314195051267,1.7500460147857666,-29.47314576520993
43.46028420388137,3.61217639521466,-30.322418399007528
41.78511591352297,4.7500457763671875,-30.785119728220234
1.6779040361702187,1.2483504672197654,-1.9626621472452541
1.4999953508377075,6.7500457763671875,4.4140625732325134e-07
-2.167933371230262,6.2500457763671875,-0.8535378024650839
-4.247427474194879,5.7500457763671875,-2.747422228986139
-6.950613021850586,4.689515113830566,-5.10422420501709
-5.500004768371582,4.7500457763671875,-5.495913663176468
-1.5105403335427694,-3.3517335395564487,-7.408755653201104
-0.48229159304442054,-4.232241152734017,-5.499999523162842
2.9293047479887457,-4.769731361357438,-3.4802223854382164
4.999995231628418,-4.7499542236328125,-2.999999523162842
6.392423705222932,-3.35752551161972,-1.410800223211247
7.249995231628418,-1.7313768670212122,0.2685775466142496
7.749995231628418,1.4960724775103118,1.5705893686859587
6.319356918334961,4.397719383239746,2.0329654216766357
3.91648833037275,6.1004260515569655,1.14962020164738
3.0778845077607695,1.9271407245480603,-4.610693285596284
2.413755157983475,7.2500457763671875,-2.7068942782984484
0.9999953508377075,7.2500457763671875,-4.103439102700101
-1.6028879984619602,6.230863411203793,-5.416298519070694
-5.242852210998535,4.7500457763671875,-8.203816413879395
-1.1546691739205883,4.601478576660156e-05,-9.404664524758296
-0.9994215989773279,-1.734743368444917,-8.514627566584352
0.9748257850806006,-2.5987914214507954,-6.65116208692628
3.7420138575380633,-3.691648898844906,-5.558304609532169
5.493431300450994,-3.7440478207498202,-4.512469618804679
7.261535012629057,-2.2940152929552466,-4.305600611904494
8.249995231628418,-0.04690547349588603,-2.546951011444494
8.249995231628418,2.6445388434223025,-1.4999995231628418
7.242604730834487,5.007436277161118,-1.0412603329659857
5.470637674518411,6.7500457763671875,-1.4999995231628418
5.004865733816446,2.6159720567993716,-7.754935581066292
4.695082572890884,7.2500457763671875,-6.395617581107613
2.542097430013558,7.2500457763671875,-7.718649828531543
0.9239517040556766,6.2500457763671875,-8.923956348685413
-0.3015926404438236,3.761371436641477,-9.988674567343516
-0.17277755889401636,1.6938579970788332,-10.75
1.6671119790323377,0.21885735814679774,-10.135927971555661
3.329767803420747,-1.2499539852142334,-9.82977233337375
5.714448853697698,-2.7499539852142334,-8.71445362206928
7.467634037619334,-2.7499539852142334,-7.79122133360104
8.749995231628418,-1.4999539852142334,-6.46191494991814
9.627734776707362,1.0000460147857666,-5.877739068241786
9.249995231628418,3.5380861165199065,-4.573218761246844
8.749995231628418,5.443538099616607,-4.943491846412261
7.038001280556937,7.186003762509407,-5.4739635582335815
6.88884911413934,3.116595329924209,-10.460240549949958
6.7099605546169,7.7500457763671875,-9.422228536432195
5.298708278361011,7.548758823099781,-10.5
2.999995470046997,6.2500457763671875,-12.0
1.872468113899231,4.447484493255615,-13.175034523010254
2.078470502631035,2.193004317292254,-13.521433416879963
3.499995470046997,0.7500460147857666,-13.448995075243658
4.999995231628418,-1.0854697575527439,-12.16448422766149
7.06773767366178,-1.7499539852142334,-11.498252563467721
9.080695108160251,-1.7499539852142334,-10.212647454337601
10.666332050223513,-0.6018010151439105,-9.018183848524771
11.727238840184148,1.5633047333381256,-7.913984413166213
11.502452725920476,3.8434113573804574,-7.595822451433455
10.452230638967926,5.79781036902768,-7.499999523162842
8.909339879694775,7.2500457763671875,-8.409344561610675
9.333964591420582,3.594116323763437,-13.58319146345454
9.209264706394645,8.250045776367188,-12.808733256649864
7.499995231628418,7.7500457763671875,-14.091293100935209
5.775717713074053,6.7500457763671875,-15.275722481445635
4.790427882247321,4.7367491905511505,-16.30372923643494
4.859021654340312,2.653622781020374,-16.609026422711892
5.762481470165823,0.8175812756029627,-16.3300214993546
7.646795715218437,-0.5845846673460515,-15.312169801458202
9.458664476446517,-1.4541894592372508,-14.295764525976983
11.427774429321289,-1.3221747875213623,-13.05385971069336
12.85671105139455,0.1067618345518988,-11.8803853707674
13.749995231628418,2.1510507481906727,-11.0
13.55812963216323,4.5346098665064964,-10.808134400534811
12.842215496325618,6.307419155574189,-10.899593643904202
11.487379734597052,7.7500457763671875,-11.487384502968634
11.622175207969239,3.910660286671039,-16.194723089864823
11.546835358153007,8.750045776367188,-15.54684012652459
10.03593266840033,8.212669011548318,-16.57331420159078
8.270956264082978,6.97526190266075,-18.045744906160998
7.3005870504012975,5.066707233248529,-19.05059181877288
7.187546253204346,2.9576594829559326,-19.437551498413086
7.963379859924316,0.9546553492546082,-19.167993545532227
9.701398504805061,-0.2499539852142334,-18.149397435336894
11.603618008525794,-0.9764457254450054,-16.66988548287185
13.363856083950525,-0.5467867746186167,-15.660693641726489
14.863248098913372,0.6132988820707206,-14.289687463599273
15.749995231628418,2.5004397723968848,-13.5
15.249995231628418,4.842219208554275,-13.5
14.706927322662946,6.31590143275837,-13.77278774742571
13.55424298314433,8.004493369808818,-14.308695344957545
14.492353318551682,4.169973228415493,-19.12016091956363
14.378168717071793,8.750045776367188,-18.667465912176198
12.861320790355158,8.250045776367188,-19.86132555872674
11.455280719487401,7.115617199924398,-21.089714064301774
10.495056840289159,5.140115695173547,-22.10499168985438
10.287935256958008,3.209414005279541,-22.537939071655273
11.098248481750488,1.2583949565887451,-22.10660171508789
12.656213153399804,0.2500460147857666,-21.046178974110095
14.606537920031572,-0.2499539852142334,-19.572855926951064
16.332840265680645,0.2500460147857666,-18.169541861468083
17.44516848451186,0.968882633401787,-17.226335680593102
18.196328274920933,3.0000460147857666,-16.4463320896182
17.749996185302734,4.681935832017825,-16.181890055650637
17.249996185302734,6.60774568014593,-16.607699903778744
16.289436870491016,8.250045776367188,-17.289441086797538
17.105015498819505,4.296525555092103,-21.48687203049451
17.075495273166254,8.750045776367188,-21.07549908786352
15.748128720184276,8.250045776367188,-22.248133488555858
14.398251490684721,7.148302035423491,-24.0
13.055764491603117,5.501785540846964,-24.75
13.234886243695305,3.3025686380837884,-24.98489101206689
13.926751997433684,1.3639894422977796,-24.540700193317278
15.332287079139766,0.2500460147857666,-23.43718491287471
17.213027351319077,-0.2499539852142334,-21.81975334627918
18.499996185302734,0.2500460147857666,-20.5
19.46772787810089,1.4462496125206736,-19.771528095063253
20.206988785620887,3.0000460147857666,-18.956992600318152
20.499996185302734,5.0000457763671875,-18.75
19.840194053955297,6.785976721636396,-18.87612881392177
18.81474996022527,8.567673973610564,-19.632381972165913
19.840517966881535,4.333395336154524,-23.68964415285305
19.75401993518636,8.750045776367188,-23.47621026774072
18.15842974795933,8.250045776367188,-25.120014531947945
16.999996185302734,7.243201796434985,-26.006843979932203
16.270255223215067,5.270305252474793,-27.25
16.198052907539076,3.2628129042645204,-27.448056920383465
16.702787116461753,1.4677927084810805,-26.717746693695315
18.1282786420887,0.2500460147857666,-25.693997237212663
19.92701599857671,0.2500460147857666,-23.90307803796538
21.499996185302734,0.7500460147857666,-22.5
21.999996185302734,1.7500460147857666,-21.5
22.76217619618642,3.719531418240541,-20.79269450277007
22.999996185302734,5.403977768044525,-20.75
22.27976984534322,7.0000457763671875,-21.029773660040487
21.37579890540498,8.741464455547147,-21.867221399282204
23.164522696259226,4.261381095490961,-26.009418496992737
22.593547222588857,8.750045776367188,-25.406448962713878
21.999996185302734,8.250045776367188,-27.0
20.999996185302734,7.158482681166439,-28.591563095200748
20.591008705805564,5.5000457763671875,-29.34101252050283
20.499996185302734,3.0620654199568182,-29.25
21.008305657697182,1.6075912134697465,-28.86585467107843
21.810477353151065,0.2500460147857666,-27.81048116784833
23.196711453641367,-0.2499539852142334,-26.073601314983367
24.68956805679144,-0.07927458494732287,-25.32932059973309
25.073625270661005,1.2500460147857666,-23.57362908535827
26.46140104364373,2.961450873126762,-23.25
25.999996185302734,5.4606967710251,-22.75
25.999996185302734,7.0000457763671875,-23.25
24.34636347237603,8.250045776367188,-24.346367287073296
26.107881514376942,4.099618148456159,-27.74660885101696
26.152819948229617,7.7500457763671875,-27.82422895444592
24.77038660381376,7.7500457763671875,-29.0
24.499996185302734,6.810968073335612,-30.439077703031575
23.999996185302734,5.352086986234997,-31.25
23.999996185302734,3.0000460147857666,-31.25
24.220683341753187,1.2793588583353146,-30.25
24.529135866154594,-0.2499539852142334,-29.0
26.974414112959664,-1.224371912871165,-28.0
27.445376424940125,-0.2499539852142334,-26.0
28.499996185302734,0.5000460147857666,-25.25
28.499996185302734,2.5291692562458463,-24.25
28.99624610764132,5.003795854028603,-24.25
28.499996185302734,6.682597810436534,-24.932552034069346
27.499996185302734,7.7500457763671875,-26.0
29.62784950985744,3.792416868171152,-29.435093614513136
29.301351838408095,7.7500457763671875,-29.19864434689464
28.568353258870587,7.2500457763671875,-30.5
28.499996185302734,6.5000457763671875,-31.75
27.499996185302734,4.987917450187801,-32.75
27.499996185302734,3.0000460147857666,-32.75
27.999996185302734,1.0000460147857666,-31.75
28.116971293153455,-0.6015604668660233,-30.14839351834821
29.456030690583777,-1.2499539852142334,-29.0
30.083261417638603,-0.7499539852142334,-27.58326523233587
31.735464304087913,0.7859742726300336,-26.46407174215573
32.3665747271986,2.3666245566816335,-25.75
32.132497440494596,4.867544521175325,-25.75
30.999996185302734,6.608160023098947,-26.35811424673176
30.604474860288278,7.2500457763671875,-27.604478674985543
32.69928900552427,3.426108867025377,-30.555655027197062
32.999996185302734,7.2500457763671875,-30.5
32.499996185302734,6.7500457763671875,-32.5
30.999996185302734,5.641236676009456,-33.60880910035773
30.999996185302734,4.5000457763671875,-34.25
31.499996185302734,2.5000460147857666,-34.25
30.999996185302734,1.2610872231714003,-33.011041208385635
31.23634893935342,-0.7499539852142334,-31.0
32.392332509829444,-1.2499539852142334,-30.12090478545498
33.4845066053809,-1.2499539852142334,-29.0
33.53712227985839,0.037172109341420345,-27.25
33.999996185302734,2.0000460147857666,-26.25
34.59739816954167,4.402643792128254,-26.75
34.499996185302734,5.970722566627513,-27.720676790260327
32.999996185302734,7.2500457763671875,-29.0
36.32214864918323,2.876822833436222,-31.436628508209424
36.69319363741938,6.7500457763671875,-32.19319745211664
35.86627191338586,6.2500457763671875,-33.5
34.999996185302734,5.1448154937644635,-35.105230282602726
34.27144724888491,3.831218656811684,-35.25
34.071927833049216,2.0000460147857666,-34.75
34.26149203893744,0.5000460147857666,-33.75
34.89652816567776,-0.7499539852142334,-32.0
36.999996185302734,-1.7499539852142334,-30.5
36.778025384980594,-1.2499539852142334,-29.0
37.63489458504258,4.601478576660156e-05,-27.75
37.499996185302734,1.56796168959384,-27.25
37.999996185302734,4.0000457763671875,-27.75
36.999996185302734,5.362905633942598,-28.61285985757541
36.58151944771386,6.2500457763671875,-30.08152326241112
39.441893149892586,2.300057452165724,-31.78951380654705
39.84136364151656,6.2500457763671875,-32.841367456213824
39.499996185302734,6.2500457763671875,-34.5
38.999996185302734,5.0000457763671875,-36.25
37.72415081713992,3.100390740639855,-36.25
37.999996185302734,2.0000460147857666,-36.25
38.499996185302734,0.2500460147857666,-35.0
38.999996185302734,-1.2499539852142334,-33.0
39.999996185302734,-2.2499539852142334,-30.5
40.655089727042295,-2.2499539852142334,-29.344906458260436
40.42957044478378,-0.4999539852142334,-27.75
41.10495262140805,1.1474741283543146,-27.75
40.999996185302734,3.0000460147857666,-28.25
39.499996185302734,4.7211734166948816,-28.971127640327694
39.807603176084754,5.2500457763671875,-30.30760699078202
-30.833333333333336,-3.6666666666666643,-42.5
-30.707101703122007,-0.8557027760081674,-46.31284667921867
-32.813596920966795,0.2500460147857666,-45.0
-34.612627093202796,-1.3625772637197637,-43.5
-34.511079025703204,-2.620725400767227,-42.38184662655893
-33.750003814697266,-3.292959861699436,-41.2930058764852
-33.250003814697266,-4.56078924061789,-40.0
-32.17245482231593,-5.7499542236328125,-39.17245100761866
-30.343698199422864,-6.2499542236328125,-39.30302008490313
-28.85306974569988,-6.2499542236328125,-39.950936057144986
-27.33262116424026,-6.2499542236328125,-40.66738265045701
-26.43548415303487,-4.7077508301668125,-43.185480338337605
-27.2485698987712,-3.689215743048724,-43.75
-28.4700629279155,-2.7725440927154397,-44.720059113218234
-29.174144339774312,-2.0104743582669027,-45.92414052507705
-19.572556015729102,-1.921772153319857,-21.5001751566502
-19.000003814697266,1.7500460147857666,-20.416082323759138
-21.000003814697266,1.2500460147857666,-20.1374579451505
-23.978573056997966,0.2500460147857666,-20.106491208555614
-25.65284538269043,-0.7499539852142334,-20.285432815551758
-28.80338478088379,-4.039888381958008,-20.40668487548828
-24.29692699479254,-5.2499542236328125,-21.396770214210456
-22.285851579830087,-5.7499542236328125,-22.050501031842103
-20.500003814697266,-5.7499542236328125,-22.584267989541264
-18.000003814697266,-5.2499542236328125,-22.862892368149897
-16.136330535318898,-4.7499542236328125,-22.136326720621632
-14.038287237619112,-3.2499539852142334,-22.665020738320965
-9.5606689453125,0.37556660175323486,-22.686189651489258
-13.179944038391113,2.7500460147857666,-21.640094757080078
-16.558052577607928,2.2500460147857666,-21.058048762910662
-20.02775932837156,-1.7027685718006396,-22.783037813993417
-19.82534136635348,1.7500460147857666,-21.88614896384295
-21.76190877456101,1.2500460147857666,-21.761904959863745
-23.45008689531197,0.7500460147857666,-21.950083080614704
-25.467884063720703,-0.7178336381912231,-21.387983322143555
-28.192279815673828,-3.7640910148620605,-21.29358673095703
-24.70318031311035,-5.2499542236328125,-22.33414077758789
-22.662834779068405,-5.7499542236328125,-23.04424581472682
-20.500003814697266,-5.7499542236328125,-23.679926664143885
-18.500003814697266,-5.2499542236328125,-24.0
-16.704374003546828,-4.2499542236328125,-23.704370188849563
-14.849802017211914,-2.9380478858947754,-24.16170310974121
-11.152207374572754,0.5380701422691345,-24.402202606201172
-14.158660888671875,2.7500460147857666,-23.346542358398438
-17.148967837150376,2.2500460147857666,-22.598750995660343
-20.59549095002828,-1.497913870318122,-24.346395356984786
-19.498936319310737,2.2500460147857666,-24.49893250461347
-22.449966856352045,1.2500460147857666,-23.103251792198613
-24.000003814697266,0.7500460147857666,-23.0
-25.927780151367188,-0.5143166780471802,-22.66341209411621
-27.8258113861084,-3.4241461753845215,-22.544321060180664
-25.343856811523438,-5.2499542236328125,-23.529088973999023
-23.080456764612915,-5.7499542236328125,-24.347506140078213
-20.9429538023996,-5.7499542236328125,-24.942949987702335
-19.165278890086373,-5.2499542236328125,-25.165275075389108
-17.500003814697266,-4.2499542236328125,-25.890934913717558
-15.498977661132812,-2.7436983585357666,-25.999967575073242
-12.963788032531738,0.5352509617805481,-26.248510360717773
-14.586747169494629,3.2500460147857666,-25.380643844604492
-17.656344599131515,2.7500460147857666,-24.65634078443425
-21.114651376725586,-1.3672429069823977,-25.73224719867929
-20.273872889960995,2.2500460147857666,-25.77386907526373
-22.899763240488156,1.2500460147857666,-24.5349327077735
-24.4309997860736,0.7500460147857666,-24.430995971376333
-26.426681518554688,-0.3411242663860321,-23.835506439208984
-27.750003814697266,-3.1470248699188232,-23.7562255859375
-25.57546043395996,-4.962578296661377,-24.7119197845459
-23.470278658449388,-5.7499542236328125,-25.5
-21.500003814697266,-5.7499542236328125,-25.5
-19.62955250862268,-4.7499542236328125,-26.629548693925415
-18.000003814697266,-4.2499542236328125,-27.0
-16.010766983032227,-2.6658825874328613,-27.594833374023438
-14.250004768371582,0.4740418791770935,-27.776554107666016
-15.385883331298828,3.2500460147857666,-27.0425968170166
-18.517383772505188,2.7500460147857666,-26.017379957807922
-21.75965666569549,-1.2690468701211728,-27.3886335981271
-21.000003814697266,2.2500460147857666,-26.89865266237019
-22.500003814697266,1.7500460147857666,-26.5
-25.000003814697266,0.7500460147857666,-25.756623250034078
-26.759536743164062,-0.2499539852142334,-25.420251846313477
-27.871492385864258,-2.878464937210083,-25.287939071655273
-25.581620097661457,-4.371724424482136,-26.296613516186483
-23.717403932125983,-5.2499542236328125,-26.782599882571283
-22.000003814697266,-5.2499542236328125,-27.0
-20.77052956840116,-4.7499542236328125,-27.770525753703893
-18.500003814697266,-3.7499539852142334,-28.5
-17.046371459960938,-2.5209760665893555,-29.275344848632812
-15.715924263000488,0.32243743538856506,-29.465919494628906
-16.327842712402344,3.1410679817199707,-28.936817169189453
-19.323522149371925,2.7500460147857666,-27.815910754741264
-22.3473291223034,-1.2328867136670283,-28.83097429510991
-21.839976009839496,2.2500460147857666,-28.83997219514223
-23.414805245387456,1.7500460147857666,-28.41480143069019
-25.500003814697266,0.7500460147857666,-27.200497735528543
-26.998533248901367,-0.24848297238349915,-26.895530700683594
-28.477977752685547,-2.8035547733306885,-26.53157615661621
-26.07391929626465,-4.2499542236328125,-27.614212036132812
-24.48452848035841,-4.7499542236328125,-28.372945585242533
-22.58833122227108,-4.7499542236328125,-29.088327407573814
-20.76350198672312,-4.2499542236328125,-29.763498172025855
-19.500003814697266,-3.7499539852142334,-30.41657144463769
-17.90237045288086,-2.447678565979004,-30.704641342163086
-16.6993465423584,0.2141226977109909,-30.949342727661133
-17.1981258392334,2.935936212539673,-30.512231826782227
-20.005698656502354,2.7500460147857666,-29.38070949444776
-23.07492214708486,-1.2485572282415163,-30.52613916710743
-22.500003814697266,2.2500460147857666,-30.5
-24.000003814697266,1.7500460147857666,-29.526907767417125
-26.000003814697266,0.7500460147857666,-28.922385440172647
-27.5806941986084,-0.2613639831542969,-28.56928062438965
-29.401559829711914,-2.8111376762390137,-27.962739944458008
-26.813495635986328,-4.2499542236328125,-29.141216278076172
-25.12486195897012,-4.7499542236328125,-29.933715017200598
-23.4695632830418,-4.7499542236328125,-30.469559468344535
-21.686976557068856,-4.2499542236328125,-31.18697274237159
-19.96725196757385,-3.2499539852142334,-31.967248152876586
-18.920858594901578,-2.3632945430275947,-32.30751422239095
-17.88071060180664,0.03433167189359665,-32.630706787109375
-18.451738357543945,2.463022232055664,-32.2387580871582
-20.824655060344906,2.7500460147857666,-31.210150874466677
-23.735661549459117,-1.3130860673670242,-31.978468390315655
-23.000003814697266,2.2500460147857666,-31.82063433187419
-24.500003814697266,1.7500460147857666,-31.5
-26.500003814697266,0.7500460147857666,-30.41820881680553
-28.085601806640625,-0.33555158972740173,-30.041040420532227
-29.540714263916016,-2.703617572784424,-29.49186134338379
-27.421615600585938,-4.2499542236328125,-30.47496795654297
-26.22673675355972,-4.7499542236328125,-31.773267061137545
-23.769190301148203,-4.2499542236328125,-32.13630244875712
-22.500003814697266,-4.2499542236328125,-32.5
-20.770663483021377,-3.2499539852142334,-33.270659668324114
-19.75262330216085,-2.3322543920040233,-33.67031908067379
-19.179929733276367,-0.22181472182273865,-33.929927825927734
-19.50813102722168,2.05529522895813,-33.702877044677734
-21.51568799024345,2.7343618392395808,-32.781713801658086
-24.43166043096683,-1.4261705183919489,-33.41972415961261
-23.503325163655866,2.246724665827165,-33.39787415258434
-26.13222874550197,1.2500460147857666,-32.6322249308047
-27.000003814697266,0.7500460147857666,-31.92142902554328
-28.38872889625797,-0.6386790667749384,-31.54667306346846
-29.958114624023438,-2.713027238845825,-30.92118263244629
-27.992612838745117,-4.2499542236328125,-31.820138931274414
-26.348691894742867,-4.7499542236328125,-32.571956484814976
-24.747234736823643,-4.7499542236328125,-33.75276907787362
-23.000003814697266,-4.2499542236328125,-34.21665454269939
-22.000003814697266,-3.7499539852142334,-34.85393841563695
-20.452330496777996,-2.5217163506426807,-35.18056431665229
-20.119348526000977,-0.42203161120414734,-35.369346618652344
-20.556804656982422,1.6465332508087158,-35.16031265258789
-22.320852974351833,2.2500460147857666,-34.355927403192375
-25.28951764254688,-1.6212270435948355,-35.07397877132688
-25.32481635511263,1.7500460147857666,-35.24558607552928
-26.963429289509698,1.2500460147857666,-34.46342547481243
-27.755519709674417,0.49453011980861517,-33.67107292331636
-29.301211592496934,-0.7499539852142334,-33.20797528291911
-30.750003814697266,-2.8495538234710693,-32.427268981933594
-28.603139877319336,-4.2499542236328125,-33.388851165771484
-27.11661919828059,-4.7499542236328125,-34.038442025577005
-25.254218929981132,-4.7499542236328125,-34.902371467124475
-24.000003814697266,-4.7499542236328125,-35.70797180971788
-22.8129554595139,-4.062905690066237,-36.40394899632754
-21.375744140304793,-2.7678930330971987,-36.85780127772456
-20.93474769592285,-0.6416293382644653,-37.18474578857422
-21.55912971496582,1.3381236791610718,-36.97105026245117
-23.27317992123269,2.2500460147857666,-36.19467874369
-26.0652406545332,-1.8440301506042545,-36.457261047449634
-26.15124032921465,1.2500460147857666,-36.83283646130961
-27.000003814697266,1.2500460147857666,-35.995735219698126
-28.930846991687645,0.2500460147857666,-35.43084317699038
-30.06780242919922,-0.8177520036697388,-34.552547454833984
-31.250003814697266,-2.960120677947998,-33.75772476196289
-29.606569290161133,-4.667608261108398,-34.41765213012695
-27.7914459470914,-5.1033856415104495,-35.85343141787764
-25.97924097985175,-5.2499542236328125,-36.08168563358966
-24.47635507800375,-5.2499542236328125,-37.02364873669352
-23.33197501472751,-4.581925423663058,-37.676086108363876
-22.14099884033203,-3.088911294937134,-38.30203628540039
-22.202082299824955,-1.0149923806359054,-38.46711688054936
-22.609220504760742,0.9115285873413086,-38.44773483276367
-24.1541796918305,1.7500460147857666,-37.77164915449375
-27.018766385920813,-2.170695717862941,-38.016754725173925
-27.000003814697266,1.2500460147857666,-38.5
-28.735749722453612,0.7500460147857666,-37.80193918067437
-29.580764000526866,0.16928582895616628,-36.85927675367087
-30.912490844726562,-1.0578267574310303,-36.1046142578125
-31.750003814697266,-3.0885467529296875,-35.287845611572266
-30.44647789001465,-4.917757511138916,-35.66780471801758
-28.58329836636342,-5.2499542236328125,-36.49820307712854
-26.8345775148641,-5.7499542236328125,-38.0
-25.500003814697266,-5.7499542236328125,-38.5
-24.21639325890014,-5.0383464715039405,-38.927997196331745
-23.250003814697266,-3.4780640602111816,-39.82640838623047
-23.250003814697266,-1.4395629167556763,-40.190521240234375
-23.90237045288086,0.32686948776245117,-40.152366638183594
-25.274444221973155,1.2500460147857666,-39.5
-27.878768444241494,-2.5093956695549338,-39.29556317905954
-28.19548024116167,0.7500460147857666,-40.27493443505854
-29.000003814697266,0.7500460147857666,-39.0
-30.92430518227434,-0.2499539852142334,-38.28427737879752
-31.565654754638672,-1.3156057596206665,-37.43103790283203
-32.04982376098633,-3.175631046295166,-36.624141693115234
-31.192596435546875,-5.143862247467041,-36.58649826049805
-29.259273413194517,-5.661205703444936,-37.91125147981212
-27.56205664732132,-5.7499542236328125,-38.31619192306054
-26.099803353106232,-5.7499542236328125,-39.25271633174362
-24.873634338378906,-5.623585224151611,-40.2186164855957
-23.960905075073242,-4.0147881507873535,-41.21090316772461
-24.32295036315918,-1.941430926322937,-41.57294464111328
-25.23921412379905,-0.43910503818146507,-41.42836136206902
-26.321846218716388,0.7500460147857666,-41.0
-28.93327676393506,-2.974878165683819,-40.70604553888718
-29.469727833059082,0.2500460147857666,-42.0
-30.107124397245318,0.14292543223771426,-41.11447587052374
-31.94706551093199,-0.2499539852142334,-39.94706169623473
-32.6075553894043,-1.5712558031082153,-38.78624725341797
-32.69064712524414,-3.3192873001098633,-37.940643310546875
-31.815059661865234,-5.155964374542236,-37.721065521240234
-30.04842496681478,-5.98707862236804,-38.737124398735226
-28.396825694811035,-6.2499542236328125,-39.5
-27.015896512674946,-6.2499542236328125,-40.29761520725062
-25.880712509155273,-6.13066291809082,-41.404212951660156
-25.31641960144043,-4.564046382904053,-42.502323150634766
-25.612325506445366,-2.670472278755627,-42.75
-26.48984957895401,-1.064838395840288,-43.23984576425674
-27.64327227825529,-0.03867244669723213,-42.788718461483
-29.882112784445855,-3.435653150756437,-41.83387984147278
-30.66044352577714,-0.2499539852142334,-43.72763627424194
-31.97900922268624,-0.2499539852142334,-42.62275416449667
-33.000003814697266,-0.7499539852142334,-41.227401572887665
-33.250003814697266,-1.9006339439273168,-39.96425333027328
-32.750003814697266,-3.4480276631644347,-39.17678512640519
-32.49173355102539,-5.203706741333008,-38.44548416137695
-30.735476934207806,-6.2499542236328125,-39.09603033977231
-29.10378204311457,-6.673503570610465,-40.42354934697765
-27.785216346205473,-6.7499542236328125,-41.04500551844889
-26.829223093174235,-6.2499542236328125,-42.28629116534322
-26.609166512318183,-4.9999542236328125,-43.35916269762092
-27.000003814697266,-3.4232786383484415,-43.75
-27.826043376572358,-1.8780245847255808,-44.57603956187509
-28.852538908406633,-0.7499539852142334,-44.63088373864358
-30.166666666666664,-4.5,-13.333333333333329
-30.00000190734863,-1.7499539852142334,-13.499998092651364
-27.000003814697266,-0.7499539852142334,-12.5
-25.91538824472131,-0.6653384152382786,-12.69794782479108
-24.51750223379608,-3.7499539852142334,-12.482501580901186
-25.185215313951424,-5.085380383943502,-13.15021466105653
-26.182339889761938,-5.7499542236328125,-13.317663924935328
-27.80313650080129,-6.2499542236328125,-13.196867313895975
-32.34896957150611,-8.098919980441659,-13.5
-32.500003814697266,-8.249954223632812,-13.665876486898688
-34.41977269040354,-8.588713745101892,-14.161240478530921
-35.83760890062063,-5.8534564811031045,-14.265897171546928
-35.764721460511524,-3.840512803440431,-13.590558818226198
-34.796766929924516,-3.7499539852142334,-13.5
-32.000003814697266,-2.7499539852142334,-13.742127523906646
-20.241865643385765,-2.29425680561571,-19.82988621694544
-19.000003814697266,1.7500460147857666,-19.879330316460344
-20.500003814697266,1.2500460147857666,-18.56449593501326
-20.68923079788136,1.2500460147857666,-17.356934453582966
-21.500003814697266,0.7500460147857666,-16.68844418855943
-21.146833419799805,-4.46856164932251,-13.865436553955078
-20.500003814697266,-5.580006196503833,-17.33005197287102
-20.39834681900528,-5.7499542236328125,-18.323013258362217
-20.158554273693056,-5.7499542236328125,-19.780442117430535
-20.277169443990253,-5.7499542236328125,-20.777165629292988
-20.443346266961726,-5.693296675897274,-22.191313404868808
-19.323816299438477,-5.190904140472412,-25.382863998413086
-20.500003814697266,1.2500460147857666,-22.5
-19.813810348510742,1.7500460147857666,-22.945281982421875
-19.771849193123842,1.7500460147857666,-21.771845378426576
-20.897426437007965,-2.332007046876086,-19.25979191962699
-20.500003814697266,1.2500460147857666,-19.183190782408232
-20.028012898487127,1.2500460147857666,-17.769955130305178
-19.4268925747118,1.2500460147857666,-16.498682305818207
-19.1463294448372,1.2500460147857666,-15.8292953491431
-18.036500930786133,-4.7499542236328125,-13.472391128540039
-19.578874222889855,-5.2499542236328125,-16.480656864879332
-20.253349775299643,-5.7499542236328125,-17.74322955775726
-21.068225635806918,-5.7499542236328125,-19.33639305684575
-21.758236249587437,-5.7499542236328125,-20.75823243489017
-22.315124816066398,-5.7499542236328125,-21.905258045435787
-23.393654936357528,-5.2499542236328125,-21.893651121660263
-22.617970444823115,0.7500460147857666,-22.61796663012585
-22.058939681230772,1.1911101482522608,-22.03892697437465
-21.500003814697266,1.2500460147857666,-21.0
-21.6423938823068,-2.3897509797689764,-18.62751388161398
-20.933520602890283,1.2500460147857666,-18.066483211806982
-19.988786322155736,1.2500460147857666,-16.969472297566956
-18.356901168823242,1.7500460147857666,-15.144362449645996
-19.000003814697266,1.2500460147857666,-15.5
-16.33963394165039,-4.7499542236328125,-12.750662803649902
-18.947436770783984,-5.2499542236328125,-15.568195463865175
-20.268722964026555,-5.7499542236328125,-17.5
-21.500003814697266,-5.7499542236328125,-19.0
-22.29078036140806,-5.7499542236328125,-21.290776546710795
-24.416627621933966,-5.2499542236328125,-21.55769159562913
-26.737361907958984,-4.35801887512207,-24.154577255249023
-26.44847297668457,-0.25061583518981934,-23.95391082763672
-23.602078999757556,0.6479708297254767,-22.0
-23.000003814697266,0.7500460147857666,-20.5
-22.26722437788237,-2.451693408756526,-18.112635402086553
-21.000003814697266,1.2500460147857666,-18.0
-20.43589157339032,1.2500460147857666,-16.38566622025681
-18.46632194519043,1.7500460147857666,-14.480524063110352
-19.500003814697266,1.2500460147857666,-14.016132207769454
-14.998997688293457,-4.746764659881592,-11.099466323852539
-18.79551803755251,-5.2499542236328125,-15.0
-20.35890822472634,-5.7499542236328125,-17.5
-21.489697880638023,-5.7499542236328125,-18.989694065940757
-24.098557182374417,-5.2499542236328125,-19.839604583916298
-25.500003814697266,-5.2499542236328125,-21.239494993553052
-27.07613182067871,-4.173825740814209,-22.73154640197754
-26.67683219909668,-1.0592817068099976,-22.36750030517578
-25.359060213024982,-0.2499539852142334,-21.859056398327716
-23.000003814697266,0.7500460147857666,-20.5
-22.984252594329764,-2.5393452306978688,-17.542219271769852
-22.500003814697266,0.7500460147857666,-17.676478558402966
-21.000003814697266,1.2500460147857666,-15.812451192930471
-19.40365851115354,1.3463913183294922,-14.087318560749901
-19.500003814697266,1.2500460147857666,-13.5
-14.727287292480469,-4.246879577636719,-9.499347686767578
-19.046643219051113,-4.7499542236328125,-13.77875906413003
-20.597441012740227,-5.2499542236328125,-15.5
-22.66853258719914,-5.2499542236328125,-17.40795998513674
-24.58217854712751,-5.2499542236328125,-19.27198735060923
-25.941305153506065,-5.2499542236328125,-20.5586986611912
-27.237825207265633,-4.2499542236328125,-21.762178607431633
-27.51176093335024,-1.6621976029156738,-22.099513500951534
-26.000003814697266,-0.7499539852142334,-21.305679479409676
-24.000003814697266,0.2500460147857666,-19.935665007557944
-23.591917567063785,-2.6283661388984356,-17.078173959073695
-22.500003814697266,0.7500460147857666,-17.39869947665632
-21.500003814697266,1.2500460147857666,-14.5
-20.588566682215596,1.2500460147857666,-13.518224366332472
-20.000003814697266,1.2500460147857666,-12.410232706469518
-15.927119255065918,-3.5998356342315674,-8.849882125854492
-19.500003814697266,-4.7499542236328125,-13.5
-20.96609390278657,-5.2499542236328125,-15.5
-22.89963402358043,-5.2499542236328125,-16.75764844149107
-24.75937226671051,-5.2499542236328125,-18.754109332297823
-26.228232514648354,-5.2499542236328125,-20.27177130004891
-27.50825538576093,-4.2499542236328125,-21.491748428936337
-28.250003814697266,-2.037980318069458,-22.07870864868164
-27.000003814697266,-1.2499539852142334,-21.18250410200291
-25.000003814697266,-0.2499539852142334,-19.77593501932502
-24.29683212573233,-2.7492931899550683,-16.56450664366696
-24.000003814697266,0.2500460147857666,-16.5
-22.500003814697266,0.7500460147857666,-15.003183886159253
-21.501314544959296,1.2487352845237374,-12.950062687576697
-17.370346069335938,1.7500460147857666,-6.901339054107666
-19.755516052246094,-2.9298899173736572,-10.679936408996582
-20.582497150679632,-4.2499542236328125,-13.0
-21.173497189289137,-4.7499542236328125,-14.173493374591871
-23.215664600909893,-5.2499542236328125,-16.5
-24.857036326344645,-5.2499542236328125,-18.125829401174666
-26.401543656198136,-5.2499542236328125,-19.9827282181142
-27.170025363035034,-4.7499542236328125,-20.82997845166223
-28.250003814697266,-2.592085361480713,-21.686969757080078
-27.000003814697266,-1.2499539852142334,-21.030101650941376
-26.000003814697266,-0.7499539852142334,-19.608725196675238
-24.900896350829875,-2.8682788688545386,-16.1469118468423
-25.000003814697266,-0.2499539852142334,-16.925551825275853
-23.500003814697266,0.2500460147857666,-14.71690463166782
-23.000003814697266,0.7500460147857666,-12.54551642307068
-20.58712387084961,1.016920804977417,-8.353995323181152
-21.586427284727367,-2.668116720488597,-10.918162735274365
-21.01803041569035,-3.7499539852142334,-12.018026600993085
-22.304956056436346,-4.7499542236328125,-14.5
-23.569775359119784,-5.2499542236328125,-16.5
-24.948009094512848,-5.2499542236328125,-17.57691906201678
-26.318096608517283,-5.2499542236328125,-19.53830501691344
-27.262741101218538,-4.7499542236328125,-20.737262713478728
-28.243749618530273,-2.986692428588867,-21.503902435302734
-27.270980690086922,-1.520930860603889,-20.863784542124915
-26.000003814697266,-0.7499539852142334,-19.453563965690332
-25.50787379409928,-3.0020679248498965,-15.749277577433475
-26.500003814697266,-0.7499539852142334,-16.726444381348283
-25.000003814697266,-0.2499539852142334,-14.471142988879258
-24.500003814697266,0.2500460147857666,-12.216471758746101
-23.002338409423828,0.25780874490737915,-9.516816139221191
-22.86588979680511,-2.380925298961419,-10.630971313747185
-22.69778064296873,-3.2499539852142334,-11.5
-25.000003814697266,-5.2499542236328125,-13.5
-25.000003814697266,-5.2499542236328125,-14.772110773518666
-25.103593608662926,-5.2499542236328125,-17.02741216598769
-26.27209604547684,-5.2499542236328125,-19.06171247660748
-27.383820244107707,-4.7499542236328125,-20.61618357058956
-28.289779663085938,-3.3345389366149902,-21.460224151611328
-27.51132996346469,-1.7612801339816553,-20.641499613189303
-27.000003814697266,-1.2499539852142334,-19.26411173196726
-26.22355107545831,-3.177685230177488,-15.309353321646284
-26.500003814697266,-0.7499539852142334,-16.480069209930083
-26.500003814697266,-0.7499539852142334,-14.22292680841251
-25.500003814697266,-0.2499539852142334,-11.926806182666242
-24.91923713684082,-0.40061163902282715,-10.268575668334961
-24.69861784970658,-2.2639950586427964,-10.31542703841925
-25.098277972303155,-3.8482281428201213,-11.5
-25.327044219927593,-5.2499542236328125,-13.172959594769674
-26.000003814697266,-5.7499542236328125,-14.138637433362486
-27.000003814697266,-5.7499542236328125,-16.0
-26.358340983079007,-5.2499542236328125,-18.465069222384486
-26.886149176603798,-5.2499542236328125,-19.613854638093468
-28.350194931030273,-3.6981709003448486,-21.20159339904785
-27.803008162815676,-2.0529583333326453,-20.28571943979359
-27.000003814697266,-1.2499539852142334,-18.973498982467653
-26.84675321177559,-3.3456574828895285,-14.951764155167822
-28.000003814697266,-1.2499539852142334,-16.0
-26.500003814697266,-0.7499539852142334,-14.033463840147837
-26.974102835469992,-0.7499539852142334,-11.75869223613038
-25.991409414640042,-0.8095043521039074,-10.440449633110326
-25.68720232739063,-2.741137851021561,-10.062801487306634
-25.79959174056382,-4.056621972107123,-11.007080006983584
-25.884280546249727,-5.2499542236328125,-12.615723268447539
-26.000003814697266,-5.7499542236328125,-13.663001565285196
-26.56726950419791,-5.7499542236328125,-15.067265689500644
-26.607893483545652,-5.2499542236328125,-17.918344908127
-27.25170477296452,-5.2499542236328125,-19.248299041732746
-28.554656982421875,-3.9998254776000977,-20.695369720458984
-28.139329220923422,-2.3892793914403905,-19.877606540179674
-28.000003814697266,-1.7499539852142334,-18.5
-27.58927208722676,-3.5628388544199865,-14.556002639739546
-28.500003814697266,-1.2499539852142334,-15.0
-28.350695142322778,-1.2499539852142334,-14.350691327625514
-27.000003814697266,-0.7499539852142334,-11.657181452776353
-26.88100088307158,-1.2499539852142334,-10.119002931625685
-26.085584929161246,-2.7648703565482284,-9.75
-26.34582940385914,-4.246131107884918,-10.650351298736236
-26.000003814697266,-5.2499542236328125,-12.5
-26.000003814697266,-5.7499542236328125,-13.5
-28.000003814697266,-6.2499542236328125,-15.0
-27.695179343770278,-5.7499542236328125,-16.695175529073012
-28.188531810538457,-5.2499542236328125,-18.86710555678318
-29.150814056396484,-4.391509056091309,-19.75
-29.185532302274396,-2.7499539852142334,-18.81447151242287
-28.500003814697266,-1.7499539852142334,-17.5
-28.242263691796985,-3.76788059533456,-14.234075925231707
-29.500003814697266,-1.7499539852142334,-15.564235641023398
-28.500003814697266,-1.2499539852142334,-14.5
-27.000003814697266,-0.7499539852142334,-11.654824127306936
-27.243643601308886,-1.2499539852142334,-10.24363978661162
-26.380858248168337,-2.7049941437405467,-9.75
-26.4555967456934,-4.2499542236328125,-10.544407069003867
-26.000003814697266,-5.2499542236328125,-12.5
-27.500003814697266,-6.2499542236328125,-13.5
-27.58453141059252,-6.2499542236328125,-14.084527595895253
-28.500003814697266,-6.2499542236328125,-16.0
-29.08059596402135,-5.7499542236328125,-18.0
-30.228973388671875,-4.902318000793457,-19.11866569519043
-30.500003814697266,-3.2499539852142334,-18.5
-29.873169925919605,-2.2499539852142334,-16.62683388877766
-29.0274497324129,-4.029993373134708,-13.877364057375985
-30.000003814697266,-1.7499539852142334,-14.5
-30.000003814697266,-1.7499539852142334,-13.5
-28.000003814697266,-1.2499539852142334,-11.760177382021329
-27.000003814697266,-0.8406637395565313,-10.909290245657703
-25.908349990844727,-2.3620355129241943,-9.75
-26.123773423569922,-4.165469537414842,-10.79174578548017
-26.000003814697266,-5.2499542236328125,-12.5
-27.500003814697266,-6.2499542236328125,-13.5
-27.700516132745577,-6.2499542236328125,-14.200512318048311
-30.500003814697266,-6.7499542236328125,-15.5
-30.685661773771425,-6.2499542236328125,-17.0
-31.770428098938535,-5.417159254992642,-17.562370684398903
-32.01461245435957,-3.8110313672520264,-17.046468742375488
-31.500003814697266,-2.7499539852142334,-16.0
-29.723795580441152,-4.274990893737659,-13.586717143879028
-31.000003814697266,-2.2499539852142334,-14.541185840145367
-30.000003814697266,-1.7499539852142334,-13.5
-28.000003814697266,-1.2499539852142334,-11.956341035705574
-26.552514079276346,-0.7499539852142334,-11.0
-23.967206954956055,-1.4948028326034546,-9.75373649597168
-25.25678880624129,-3.8216027346456194,-11.314863757887364
-26.000003814697266,-5.2499542236328125,-12.5
-27.500003814697266,-6.2499542236328125,-13.5
-30.000003814697266,-6.7499542236328125,-13.882432487178118
-32.000003814697266,-7.7499542236328125,-15.0
-33.000003814697266,-7.877838525405954,-15.372115698226859
-34.000003814697266,-6.455724218580213,-16.25
-33.833820941101834,-5.085360466368884,-15.501589116331505
-33.31949055552231,-3.7499539852142334,-14.680513259174958
46.5,-1.0,-31.0
51.499996185302734,-0.2499539852142334,-35.107362166615076
51.421413354118144,-1.5014633956316914,-36.830092241602046
48.86260596559719,-4.193674207365278,-36.55627996259478
47.999996185302734,-4.2499542236328125,-35.87157506148118
45.499996185302734,-3.7499539852142334,-33.0
43.499996185302734,-3.2499539852142334,-31.0
41.999996185302734,-2.7499539852142334,-29.205016914974383
41.44634001673671,-1.9462978166482106,-28.25
41.98580213773406,-0.09132111251610309,-27.75
42.999996185302734,1.0000460147857666,-27.75
45.499996185302734,1.2500460147857666,-28.5
47.736723595675954,0.7500460147857666,-29.236727410373216
48.499996185302734,0.7500460147857666,-30.5
49.999996185302734,0.2500460147857666,-34.0
41.204906667503884,1.7639807032009287,-32.230676609524224
40.999996185302734,6.2500457763671875,-33.0
40.14240550572817,6.2500457763671875,-34.469907074761224
38.999996185302734,5.2500457763671875,-36.0
38.245070941763586,2.9813510244811647,-36.25
38.999996185302734,1.1873802789245698,-35.937334264138805
38.999996185302734,-0.2499539852142334,-34.5
40.499996185302734,-1.7499539852142334,-32.5
41.999996185302734,-2.7499539852142334,-31.0
42.999996185302734,-3.2499539852142334,-29.991446144287224
43.47709274291992,-2.905094861984253,-28.178043365478516
44.11687441543239,0.1973245626834783,-27.75
43.18501592784628,2.3150262722422212,-28.75
42.999996185302734,3.7500460147857666,-30.0
42.499996185302734,5.2500457763671875,-32.0
41.481257353842594,1.585500258493731,-32.092543792689526
42.175034485393255,6.2500457763671875,-33.67503830009052
41.65115787518219,6.2500457763671875,-35.354390149072344
40.82555291052236,4.81108832135161,-36.76451418023521
39.87843524491448,2.121606955174021,-36.75
39.236119306455166,0.7203065256455454,-35.47026051085978
39.499996185302734,-0.7499539852142334,-34.0
40.499996185302734,-1.7499539852142334,-32.5
41.999996185302734,-2.7499539852142334,-30.919753570180667
41.999996185302734,-2.7499539852142334,-29.0
42.73206100870212,-1.745408916467337,-27.763390107853724
43.15874132726338,0.8413008728251217,-27.75
42.999996185302734,2.5000460147857666,-28.75
42.999996185302734,3.7500460147857666,-30.0
42.499996185302734,5.2500457763671875,-32.0
41.82240024110168,1.3745954970116259,-31.971278522872595
43.69934265203336,6.2500457763671875,-34.199346466730624
43.227842389733794,6.477891980798251,-36.18221435564422
42.07683181762695,4.266026496887207,-38.560855865478516
40.999996185302734,1.7633809497433814,-37.01333493495761
40.499996185302734,-0.029454305199866138,-35.22049968001437
40.97076850440798,-1.2499539852142334,-33.970772319105244
39.34031824231622,-1.7499539852142334,-32.0
39.999996185302734,-2.2499539852142334,-30.0
41.3663529818929,-2.2499539852142334,-28.63364320340983
41.73208737360728,-1.2320451735187747,-27.75
42.631310919803084,1.0000460147857666,-27.75
42.999996185302734,2.6253743398698517,-28.875328325084084
42.999996185302734,3.7500460147857666,-30.0
42.999996185302734,5.7500457763671875,-33.0
42.12914062988983,1.1919427458372454,-31.89535019264136
44.63344614520422,6.2500457763671875,-34.63344995990148
44.75626754760742,7.2500457763671875,-38.20734405517578
43.09671401977539,3.343125104904175,-39.25
41.999996185302734,1.2500460147857666,-37.0
41.499996185302734,-0.609285638350157,-35.140668346864075
40.961868233001354,-1.2499539852142334,-33.96187204769862
40.543634069950706,-2.2499539852142334,-31.04363788464797
40.06385529164792,-2.2499539852142334,-29.936140893654816
40.499996185302734,-1.7499539852142334,-28.5
41.322650328397536,-0.8226081283090372,-27.75
42.49945003341317,1.0000460147857666,-27.75
42.999996185302734,2.696624591614527,-28.94657857682876
43.06261877483257,3.7500460147857666,-30.062622589529838
43.05218061827439,5.7500457763671875,-33.05218443297166
42.501606523273004,0.9771708715289336,-31.8318625530313
45.499996185302734,6.2500457763671875,-35.0
44.69558005995974,6.7500457763671875,-36.804416125342996
43.85655975341797,2.3866305351257324,-39.25
42.499996185302734,4.601478576660156e-05,-36.25
42.499996185302734,-1.1395708334114087,-35.11038315180282
40.99111574832088,-1.2499539852142334,-33.991119563018145
40.397248023047815,-2.2499539852142334,-30.89725183774508
40.27858647844816,-2.2499539852142334,-29.72140970685457
40.499996185302734,-1.4999539852142334,-28.25
41.132267105363795,-0.6229340256950193,-27.75
42.60848694811266,1.0000460147857666,-27.75
42.999996185302734,2.6986502727574075,-28.948604257971642
43.34234951328616,3.7500460147857666,-30.342353327983425
44.499996185302734,6.0000457763671875,-34.25
42.83165379153871,0.7920610905482235,-31.792777102265546
45.84368254685153,6.0927344299091395,-35.18637501509075
45.43494969183436,6.7500457763671875,-36.5
44.286598205566406,1.8257408142089844,-39.0756950378418
43.43467030672983,-0.43462810664132734,-36.25
42.499996185302734,-1.2499539852142334,-35.0
40.999996185302734,-1.2499539852142334,-34.0
40.40280017360212,-2.2499539852142334,-30.90280398829938
40.47724353592121,-2.2499539852142334,-29.522752649381523
40.499996185302734,-1.4999539852142334,-28.25
41.32020173774508,-0.49916444516524194,-27.75
42.849485347478016,1.0000460147857666,-27.75
42.999996185302734,2.6508173451468586,-28.900771330361092
43.499996185302734,3.7500460147857666,-30.5
44.68954294379725,5.810499017872671,-34.25
43.22717939757879,0.5754232595180397,-31.75747855120143
46.49440376181951,5.84577586812629,-35.25
47.38484244674552,4.0000457763671875,-35.63484626144279
44.59517506433065,1.2500460147857666,-38.49254263372202
43.499996185302734,-0.4999539852142334,-36.25
42.499996185302734,-1.2499539852142334,-35.0
41.92376778761678,-1.7499539852142334,-33.42377160231405
40.521822011933544,-2.2499539852142334,-31.02182582663081
40.715027330175104,-2.2499539852142334,-29.28496885512763
41.499996185302734,-1.9999539852142334,-28.25
41.69900802272094,-0.5231100972458296,-27.75
42.999996185302734,1.0000460147857666,-27.75
43.999996185302734,2.5000460147857666,-29.25
43.499996185302734,3.7500460147857666,-30.5
45.11307913865858,5.386962823011347,-34.25
43.57345072235015,0.3895717253918747,-31.729874372763177
46.779524306458924,5.479678422381276,-35.25
47.468038345481915,3.7355879702883255,-35.71804216017918
44.88649494379074,1.2500460147857666,-38.33063405329177
43.499996185302734,-0.4999539852142334,-36.25
42.499996185302734,-1.2499539852142334,-35.0
42.999996185302734,-2.2499539852142334,-33.5
41.999996185302734,-2.7499539852142334,-31.0
40.91756107122198,-2.2499539852142334,-29.08243511408075
41.499996185302734,-1.9999539852142334,-28.25
42.10194472178856,-0.6337974610657371,-27.75
42.999996185302734,1.0000460147857666,-27.75
43.999996185302734,2.5000460147857666,-29.25
44.76210786752479,2.7500460147857666,-30.26211168222206
45.4512955609441,5.048746400725825,-34.25
43.924821192080394,0.20395636892445168,-31.69901532825797
46.80886541120284,5.0000457763671875,-35.058869225900104
47.286987816033225,2.5506901230216994,-35.986347522494555
45.16367983303515,1.2500460147857666,-38.10664426180338
43.66166650800011,-0.4999539852142334,-36.25
43.499996185302734,-1.2499539852142334,-35.5
42.999996185302734,-2.2499539852142334,-33.5
41.999996185302734,-2.7499539852142334,-31.0
41.999996185302734,-2.7499539852142334,-29.0
41.499996185302734,-1.9999539852142334,-28.25
42.5300744454595,-0.7788305328569329,-27.75
43.0386875909906,0.9613546090978995,-27.75
43.999996185302734,2.5000460147857666,-29.25
44.96219509385889,2.7500460147857666,-30.462198908556154
45.499996185302734,5.0000457763671875,-34.25
44.339185305885124,-0.011808916866520747,-31.65169185533533
47.381493665443905,4.748139884753369,-35.25
47.31855381139671,2.512675170219047,-36.055928470660696
45.5153956360661,1.2500460147857666,-37.80749286163697
45.02019746113393,-1.0201552610454305,-36.25
44.32437984223162,-2.2499539852142334,-34.82438365692889
42.999996185302734,-2.2499539852142334,-33.5
41.999996185302734,-2.7499539852142334,-31.0
41.999996185302734,-2.7499539852142334,-29.0
42.499996185302734,-2.4999539852142334,-28.25
43.00955510901293,-0.9359606298188341,-27.75
44.46951649117327,0.5000460147857666,-27.75
45.499996185302734,1.2500460147857666,-28.5
44.999996185302734,2.7500460147857666,-30.5
45.499996185302734,5.0000457763671875,-34.25
44.69642801393137,-0.19565908366732998,-31.595247118879087
47.499996185302734,4.5000457763671875,-35.25
47.38313061547994,2.4785936680263734,-36.1545867769366
45.87528020842166,1.2500460147857666,-37.55058714102815
45.30834498911446,-1.30830278902596,-36.25
44.37941353354182,-2.2499539852142334,-34.87941734823909
43.999996185302734,-2.7499539852142334,-33.5
41.999996185302734,-2.7499539852142334,-31.0
42.01660352840247,-2.7499539852142334,-28.983392656900264
43.233608576011164,-2.233566375922661,-27.75
44.499996185302734,-1.0160606443324802,-27.25
44.82231967528883,0.5000460147857666,-27.75
45.499996185302734,1.2500460147857666,-28.5
45.01438724290772,2.7356549571807784,-30.5
46.499996185302734,2.2500460147857666,-31.541033222127236
45.11351142570452,-0.4083644034617464,-31.50327940118308
47.5059000140646,4.5000457763671875,-35.255903828761866
47.6358871381347,2.393152332664889,-36.35689368212088
46.398500386656,-0.4999539852142334,-36.25
45.71587571524688,-1.760114688487544,-36.20571882667083
44.43317531736923,-2.2499539852142334,-34.9331791320665
44.499996185302734,-3.2499539852142334,-33.0
43.00534441476942,-3.2499539852142334,-30.005348229466684
42.21103011671443,-2.7499539852142334,-28.7889660685883
43.35670745953605,-2.3566652594475452,-27.75
44.499996185302734,-0.9999539852142334,-27.25
44.999996185302734,0.5000460147857666,-27.75
45.499996185302734,1.2500460147857666,-28.5
46.44894400573204,1.7500460147857666,-30.448947820429304
46.499996185302734,2.2500460147857666,-31.568700999772926
45.46954354909493,-0.5887341039350744,-31.395887365637847
47.999996185302734,3.525698227495144,-35.75
47.999996185302734,2.2500460147857666,-36.5
46.95701980229044,-0.6690305050388541,-36.25
45.999996185302734,-2.2758920973464605,-35.97406188786778
44.958777484479896,-2.7499539852142334,-34.45878129917716
44.499996185302734,-3.2499539852142334,-33.0
42.999996185302734,-3.2499539852142334,-30.0
42.359079894468216,-2.7499539852142334,-28.640916290834518
43.31731365217139,-2.3172714520828928,-27.75
44.499996185302734,-0.9999539852142334,-27.25
44.999996185302734,0.5000460147857666,-27.75
45.65664961555561,1.2500460147857666,-28.656653430252877
46.73178638148507,1.7500460147857666,-30.731790196182338
47.499996185302734,1.7500460147857666,-32.0
45.88108296536933,-0.7963783016285646,-31.22968686150756
48.999996185302734,3.5000460147857666,-36.25
49.19607613308781,-0.2499539852142334,-36.0
47.866842319407525,-1.7632836194655557,-36.88017576835611
46.673482603915815,-3.177076267212891,-35.74636413661442
45.42873878090097,-3.2499539852142334,-33.92874259559824
43.999996185302734,-3.2499539852142334,-32.0
42.999996185302734,-3.2499539852142334,-30.0
42.499996185302734,-2.7499539852142334,-28.5
43.01355932158494,-2.013517121496444,-27.75
44.548900541819584,-0.9510496286973822,-27.25
44.999996185302734,0.5000460147857666,-27.75
45.93202723127865,1.2500460147857666,-28.932031045975922
47.65744833212586,1.2500460147857666,-30.657452146823125
48.499996185302734,1.2500460147857666,-32.0
46.22882168113201,-0.9715522591135155,-31.045985919735358
49.999996185302734,0.2500460147857666,-34.83482035949708
50.23785526764387,-0.3624622489575855,-36.35036734608449
48.741519927978516,-3.1046183109283447,-37.64533615112305
47.55126656277009,-3.8012243626815887,-36.0
45.79333726247823,-3.7499539852142334,-33.2933410771755
43.999996185302734,-3.2499539852142334,-32.0
42.999996185302734,-3.2499539852142334,-29.76366223712882
42.499996185302734,-2.6526310378711475,-28.402677052656916
42.25232309026651,-1.4999539852142334,-27.75
43.734559586527915,0.5000460147857666,-27.75
45.499996185302734,1.0000460147857666,-28.25
47.499996185302734,0.7500460147857666,-29.0
47.999996185302734,1.2500460147857666,-31.0
48.499996185302734,1.2500460147857666,-32.02148996245479
47.66666666666667,4.666666666666664,-39.83333333333333
47.749642126883316,8.52701235695813,-39.75
45.749996185302734,8.357245751299136,-40.85719997493195
45.249996185302734,7.031576882261046,-41.914333180436444
45.25623617669584,5.851014901189668,-41.85720911621559
44.999996185302734,4.0000457763671875,-41.25
45.44833976960665,2.5517024304818525,-40.75
46.499996185302734,1.7500460147857666,-40.5
47.58369120645003,1.2500460147857666,-39.5
48.79283620293099,1.7500460147857666,-38.61173971725201
49.60123021212426,2.35128004160729,-38.0
50.249996185302734,3.7476838213112718,-37.5
50.09648110688594,5.072421245151153,-37.91886039036717
49.42670231127257,6.323339650397352,-38.5
48.499996185302734,7.2500457763671875,-39.0
41.35788752952226,2.020432231899072,-32.916626253256666
39.999996185302734,5.7500457763671875,-31.5
38.470820385849805,6.2500457763671875,-31.675305099983856
36.43434143066406,6.2500457763671875,-33.42052459716797
35.20530319213867,4.070204734802246,-35.25
36.27882173466464,1.7212204654238592,-35.25
37.499996185302734,0.8242140162127138,-35.07416800142695
40.499996185302734,-0.2499539852142334,-35.0
42.999996185302734,-1.7499539852142334,-34.5
44.45144913251346,-2.7499539852142334,-33.951452947210726
48.081363677978516,-4.2499542236328125,-32.48889923095703
50.680152893066406,-1.5702621936798096,-29.636476516723633
46.18212136513565,1.7500460147857666,-30.182125179832916
44.573781173965514,2.7500460147857666,-30.073784988662776
42.43318891002016,4.2500457763671875,-30.433192724717422
41.57625355592087,2.235336178353421,-33.437115395227835
40.221914343799554,5.7500457763671875,-31.721918158496823
38.79563611672695,6.2500457763671875,-32.65926524059722
37.1586774008319,5.7500457763671875,-34.48172686545721
36.659183375000225,4.007246876225401,-35.90198608983928
36.999996185302734,2.5000460147857666,-36.25
38.499996185302734,0.5000460147857666,-35.25
40.499996185302734,-0.2499539852142334,-35.0
42.999996185302734,-1.7499539852142334,-34.5
44.535916365137986,-2.7499539852142334,-34.03592017983525
47.976470947265625,-4.2499542236328125,-32.17121124267578
47.04958045930812,1.2500460147857666,-30.549584274005387
46.094589798272686,1.7500460147857666,-30.094593612969952
43.77856310100413,3.4714790990843714,-30.5
42.141167538969576,4.7500457763671875,-31.14117135366684
41.88906802505848,2.4989003535399235,-33.996367793761976
40.999996185302734,6.2500457763671875,-33.0
39.29122779358606,6.2500457763671875,-33.571811513697064
38.40519331382051,5.7500457763671875,-34.90519712851778
37.374379565591035,4.374429156655485,-36.25
37.7346279805444,2.265414219544097,-36.25
38.999996185302734,1.5000460147857666,-36.25
41.499996185302734,-0.17296871396900215,-35.576985271245235
43.376091735046444,-1.2499539852142334,-35.37609554974371
44.663526906043295,-2.669179281640297,-34.2443054243145
48.05393981933594,-4.2499542236328125,-32.01359558105469
47.04280725308742,1.2500460147857666,-30.54281106778468
45.62986883237558,2.2500460147857666,-30.629872647072844
43.6292352787816,3.6208069213068996,-30.5
42.499996185302734,5.2500457763671875,-32.0
42.201704288431955,2.731511065782925,-34.44156175801919
40.999996185302734,6.2500457763671875,-33.0
39.757918547174526,6.2500457763671875,-34.186823633954376
38.499996185302734,5.690087779643584,-35.059957996723604
37.974253399956275,4.5000457763671875,-36.25
39.499996185302734,2.5000460147857666,-36.75
40.499996185302734,1.5000460147857666,-36.75
41.499996185302734,4.601478576660156e-05,-35.75
43.499996185302734,-1.2499539852142334,-35.5
44.72935617581064,-2.3668802397593898,-34.612433735962746
48.295963287353516,-4.2499542236328125,-32.025081634521484
46.66172160131601,1.7500460147857666,-31.161725416013276
45.77613579286965,2.2500460147857666,-30.776139607566915
44.46508113331843,3.2500460147857666,-30.965084948015694
42.50890447608518,5.2500457763671875,-32.00890829078244
42.6119257318593,3.0054126768201215,-34.92964842717086
41.7958043752687,6.2500457763671875,-33.5
40.325998389131186,6.2500457763671875,-34.758650116168454
39.499996185302734,5.71253774561451,-35.537508030752676
38.79322712398804,4.79327671505249,-36.25
39.499996185302734,2.7587710320319148,-36.75
40.999996185302734,2.0000460147857666,-37.25
42.499996185302734,4.601478576660156e-05,-36.25
43.499996185302734,-1.0134445645105226,-35.73650942070371
45.001216888427734,-2.1404783725738525,-35.10837936401367
48.63767623901367,-4.112274169921875,-32.23744583129883
46.999996185302734,1.7500460147857666,-31.870072085678412
45.57230088807877,2.677741312009732,-31.5
43.999996185302734,3.7500460147857666,-31.5
42.999996185302734,5.6159778322585545,-32.86593205589137
42.9972751427546,3.238037941875646,-35.32813917591493
42.133009336545115,6.2500457763671875,-33.63301315124238
40.829217159121676,6.2500457763671875,-35.16463712472858
39.74740542343952,5.559903479548355,-35.690142296818834
40.19104624528331,4.191095836347763,-36.75
40.499996185302734,3.0000460147857666,-37.25
41.869571726893064,2.353735450310592,-37.97326497711515
43.05658414219245,1.2500460147857666,-37.556587956889715
43.79697559094734,-0.587705650308763,-36.16224833490547
45.56930160522461,-2.297154664993286,-35.5221061706543
48.95387649536133,-3.87164568901062,-32.5755729675293
49.74121856689453,-0.49117645621299744,-29.78898048400879
45.547183204357324,2.7028589957311744,-31.5
43.999996185302734,3.7500460147857666,-31.5
43.050423528121726,5.7500457763671875,-33.05042734281899
43.47975362277645,3.5016360736247307,-35.77841740491834
42.707215244895536,6.2500457763671875,-34.074434367072435
41.43617293258512,6.2500457763671875,-35.5
41.375317127636265,5.7500457763671875,-36.37532094233353
41.278725328996,4.5000457763671875,-37.52872914369327
41.749996185302734,3.5000460147857666,-38.5
42.25845683275245,2.5000460147857666,-38.508460647449716
43.49727627962886,1.2500460147857666,-37.99728009432613
44.25229200065736,-0.4999539852142334,-36.25
46.167144775390625,-2.2188565731048584,-36.031097412109375
46.999996185302734,0.7500460147857666,-34.5
48.63727951049805,0.6157642006874084,-31.503002166748047
45.76703037802988,2.8950735169487527,-32.912061694890134
44.499996185302734,4.5000457763671875,-33.25
43.499996185302734,5.908317661326871,-33.65827188495968
43.916259091740486,3.716583678516656,-36.158796900349955
43.1755465520817,6.2500457763671875,-34.509715493662824
41.97340509333779,6.2500457763671875,-35.93541456757079
41.80174523571394,5.7500457763671875,-36.8017490504112
41.68447317352667,4.5000457763671875,-37.934476988223935
41.931339273617496,3.5797726876150326,-38.68134308831476
42.499996185302734,2.5000460147857666,-38.75
43.86164617898679,1.2500460147857666,-38.361649993684054
44.65697163139927,-0.4262193597083366,-36.25
45.85911309014318,-0.36933015082671794,-36.25
46.7253174422888,0.5000460147857666,-35.25
46.83752930543606,1.651486986297568,-33.26102590835488
45.85194857654571,2.8980936235427945,-33.0
45.47349714472202,5.0265448169479034,-34.25
44.499996185302734,6.0000457763671875,-34.25
44.369104314731395,3.9174051672405525,-36.540460798663716
43.999996185302734,6.7500457763671875,-35.5
43.499996185302734,6.7500457763671875,-36.297800290984846
42.418570999293266,6.1217663396654025,-37.04685425069231
42.249996185302734,5.0000457763671875,-38.5
42.311225377161,3.7928858150005276,-39.06122919185826
42.59527963799569,2.4047625620928104,-38.75
43.999996185302734,1.4004686766183774,-38.65042266183261
45.070150402637964,1.2500460147857666,-38.119957493524396
45.821216422065305,-0.3211742219768041,-36.25
46.87882900979492,0.6278327535225342,-35.24338043677105
46.71527585308565,1.5347663470028505,-34.098813499201945
46.098335921536844,4.0000457763671875,-34.34833973623411
45.499996185302734,5.0000457763671875,-34.25
44.499996185302734,6.194480923442925,-34.44443514707574
44.911949108241366,4.128815147591041,-36.9954841827594
44.26524533754752,6.7500457763671875,-35.521384657205324
43.499996185302734,6.7500457763671875,-36.76229457427276
43.00563441230154,6.2500457763671875,-37.505638226998805
42.569544219764424,5.0000457763671875,-38.81954803446169
42.499996185302734,3.9984629250179333,-39.25
43.25910352674125,2.7409386733472547,-39.25
44.20941418275025,1.7273442650029196,-38.97729825021715
45.55865287893521,1.2500460147857666,-38.46958370831347
46.499996185302734,1.2500460147857666,-37.5
46.94266461971928,1.7500460147857666,-36.44266843441655
47.141383941807476,3.0000460147857666,-35.39138775650474
46.646945457324286,4.259167370164147,-34.89694927202155
46.27407251478829,5.225969446881631,-34.75
45.499996185302734,6.2500457763671875,-35.0
45.38444387394657,4.286101126417023,-37.40082508020804
44.78974594535581,6.7500457763671875,-36.04107216342842
44.37487114610325,7.124920737167703,-37.5
43.56258551099707,6.312635102061522,-38.5
43.071816158089476,5.134216571873748,-39.18764917728018
43.41108394021735,4.131244887976472,-39.66108775491462
43.978355292557886,3.1286015795224427,-39.85691467199183
44.999996185302734,1.7203655403889677,-39.4703195256032
45.979141802537335,1.2500460147857666,-38.76057799698766
46.810207558437014,1.2500460147857666,-37.81021137313428
47.40335066361402,1.8729471960029915,-36.78045329709406
47.999996185302734,3.0000460147857666,-35.75
47.499996185302734,4.5000457763671875,-35.25
46.92348687184679,5.576555089823133,-35.25
46.22868789765005,6.365930160489844,-35.61588438412266
45.937638165108936,4.436399220983873,-37.90015027457821
45.41149975205889,7.2500457763671875,-37.0
44.499996185302734,7.2500457763671875,-37.829245857546766
43.99951705628081,6.599501547091074,-38.65006510025418
43.6729529244144,5.249900606284266,-39.67310190919459
43.90528037994635,4.224383596204727,-40.15528419464361
44.42977002393301,3.127056450211065,-40.30678427405557
45.40093157847897,1.7545688946370932,-39.90545827302756
46.463776578158985,1.2500460147857666,-39.09231288195336
47.24511272357801,1.2768213422896804,-38.21834121077136
48.252189592437105,2.2500460147857666,-36.83753648341481
48.3326560514023,3.023609389543438,-36.08265986609957
47.93250424504353,4.648414845763017,-35.6825080597408
47.59990313809905,5.90013882357087,-35.75
46.499996185302734,6.7500457763671875,-36.0
46.408225384075386,4.532457476935818,-38.35776013336255
45.999996185302734,7.594204244479352,-37.84415846811216
45.32333270916702,7.573382300231472,-38.5
44.482297911360014,6.7323475024244654,-39.5
44.249996185302734,5.559209723119357,-40.44083605324783
44.35595826902255,4.236259717809661,-40.60596208371982
44.84569351230793,3.0941350813601782,-40.68978639357961
45.62550946807361,1.8559261101318667,-40.1058800953461
46.861247112802296,1.2500460147857666,-39.365547231191336
47.62664031377934,1.3580103988445746,-38.5186797444178
48.653331109917026,2.2500460147857666,-37.172015189525446
48.90820221929668,3.3159459535205604,-36.342306095259154
48.770752190131816,4.729289771538108,-36.25
47.91550349132988,5.915526107998493,-36.080987637658446
47.32248963324088,6.7500457763671875,-36.5
46.94661923519493,4.601002770580237,-38.93474442724147
46.61745565151024,7.7500457763671875,-38.21881878221333
45.5706833256184,7.7500457763671875,-39.34668605353529
44.82858586150669,7.0786354525711435,-40.5
44.749996185302734,5.704431442739535,-41.0
44.91319120992466,4.141515237681185,-41.16319502462193
45.17170537662909,2.82833682345941,-40.75
46.39683811571942,1.758577637821883,-40.405373553452804
47.27578281887962,1.2500460147857666,-39.5
47.98377527220802,1.372242428179965,-38.86158267351109
49.048787908199515,2.2500460147857666,-37.54879172289678
49.439778071037686,3.4557677972072525,-36.73406010331347
49.11328679573221,4.7098094605317256,-36.57305429459401
48.46113202176797,6.113267645708266,-36.824357705806314
47.509858358594386,7.217995625985924,-37.47781202291039
47.39374181796957,4.6181410906820375,-39.47321520956223
47.230234208630996,8.262008096005072,-39.51196231963789
45.749996185302734,9.482873916625977,-40.55240249633789
45.249996185302734,7.287268657018825,-41.463728390311054
45.249996185302734,5.902459445075945,-41.90241366870876
45.40983982449499,4.5000457763671875,-41.65984363919225
45.94304677820232,3.05699542188618,-41.25
46.499996185302734,1.7500460147857666,-40.5
47.55724942730814,1.2500460147857666,-39.5
48.192479636769704,1.3320863698317489,-39.11044309642099
49.32161904756592,2.2500460147857666,-37.82162286226318
49.82911574994342,3.5000460147857666,-37.079119564640685
49.556448867665004,4.801374817716261,-37.10778172371134
48.95759602996442,6.292445931705499,-37.5
47.999996185302734,7.2500457763671875,-38.0
